Country Name,Country Code,Indicator Name,Indicator Code,values
Afghanistan,AFG,Agricultural land (sq. km),AG.LND.AGRI.K2,"[,377000.0,377600.0,378100.0,378730.0,378750.0,379130.0,379790.0,379800.0,379960.0,380060.0,380360.0,380460.0,380480.0,380480.0,380480.0,380480.0,380500.0,380500.0,380490.0,380490.0,380530.0,380540.0,380540.0,380540.0,380540.0,380540.0,380450.0,380400.0,380400.0,380400.0,380300.0,380300.0,379340.0,378130.0,377530.0,377520.0,377900.0,378670.0,377530.0,377530.0,377530.0,377530.0,379100.0,379110.0,379100.0,379100.0,379100.0,379100.0,379100.0,379100.0,379100.0,]"
Albania,ALB,Agricultural land (sq. km),AG.LND.AGRI.K2,"[,12320.0,12320.0,12330.0,12300.0,12370.0,12400.0,12440.0,12400.0,12350.0,12300.0,12000.0,11740.0,11460.0,11220.0,10800.0,10750.0,11090.0,11140.0,11170.0,11180.0,11160.0,11140.0,11100.0,11130.0,11120.0,11110.0,11110.0,11170.0,11100.0,11210.0,11270.0,11270.0,11260.0,11260.0,11270.0,11310.0,11350.0,11390.0,11450.0,11440.0,11390.0,11400.0,11210.0,11220.0,10770.0,11200.0,11190.0,11810.0,12013.0,12013.0,12010.0,]"
Algeria,DZA,Agricultural land (sq. km),AG.LND.AGRI.K2,"[,454710.0,449000.0,445100.0,441640.0,441670.0,441670.0,442510.0,442030.0,442030.0,442160.0,454330.0,453960.0,443040.0,443360.0,437530.0,440210.0,438320.0,438430.0,438200.0,438300.0,391710.0,391070.0,392820.0,396100.0,390510.0,386880.0,387790.0,388170.0,387600.0,386760.0,386220.0,388650.0,388620.0,396400.0,396490.0,396360.0,396900.0,398260.0,397310.0,400210.0,401090.0,398550.0,399057.0,411450.0,412110.0,411810.0,412520.0,413090.0,413800.0,413730.0,413830.0,]"
Angola,AGO,Agricultural land (sq. km),AG.LND.AGRI.K2,"[,571700.0,572000.0,572200.0,572500.0,572700.0,573000.0,573300.0,573600.0,574000.0,574000.0,574000.0,574000.0,574000.0,574000.0,574000.0,574000.0,574000.0,574000.0,574000.0,574000.0,574000.0,574000.0,574000.0,574000.0,574000.0,574000.0,574000.0,574000.0,574000.0,574040.0,574500.0,575000.0,575000.0,575000.0,575000.0,575000.0,575000.0,575000.0,574000.0,573000.0,573000.0,573900.0,575900.0,575900.0,575900.0,575900.0,576900.0,576900.0,582900.0,583900.0,583900.0,]"
Argentina,ARG,Agricultural land (sq. km),AG.LND.AGRI.K2,"[,1378290.0,1364340.0,1348750.0,1332970.0,1317800.0,1309480.0,1297030.0,1292350.0,1293020.0,1292800.0,1291540.0,1290280.0,1289020.0,1287760.0,1286500.0,1285240.0,1283980.0,1282720.0,1281460.0,1280200.0,1278940.0,1287690.0,1286440.0,1285170.0,1283910.0,1282650.0,1279390.0,1273800.0,1274700.0,1275650.0,1276600.0,1277550.0,1278500.0,1279480.0,1280450.0,1281420.0,1282350.0,1283300.0,1284120.0,1285100.0,1286060.0,1287100.0,1308835.0,1343450.0,1377975.0,1411040.0,1440330.0,1440580.0,1432970.0,1467170.0,1475480.0,]"
Armenia,ARM,Agricultural land (sq. km),AG.LND.AGRI.K2,"[,,,,,,,,,,,,,,,,,,,,,,,,,,,,,,,,11700.0,11810.0,12000.0,12440.0,13060.0,13320.0,13280.0,13230.0,13230.0,13280.0,13910.0,14440.0,15050.0,16050.0,17564.0,17519.0,17473.2,17459.0,17350.0,17106.0,]"
Australia,AUS,Agricultural land (sq. km),AG.LND.AGRI.K2,"[,4615850.0,4636880.0,4664710.0,4690090.0,4729760.0,4741540.0,4767280.0,4748210.0,4789430.0,4817870.0,4832530.0,4844570.0,4870170.0,4877270.0,4868370.0,4877730.0,4786110.0,4765300.0,4804770.0,4829260.0,4827410.0,4780810.0,4711250.0,4730390.0,4729600.0,4708850.0,4710200.0,4722830.0,4670770.0,4644810.0,4629740.0,4661780.0,4602860.0,4691000.0,4633480.0,4652210.0,4622000.0,4637860.0,4537290.0,4555000.0,4557000.0,4470000.0,4395000.0,4401100.0,4451490.0,4349250.0,4254490.0,4172880.0,4090290.0,3985800.0,4096726.0,]"
Austria,AUT,Agricultural land (sq. km),AG.LND.AGRI.K2,"[,40500.0,40410.0,39900.0,39840.0,39840.0,39350.0,39270.0,39220.0,38970.0,38960.0,38940.0,38940.0,37930.0,37930.0,37900.0,36890.0,36980.0,37160.0,36620.0,36750.0,36890.0,36750.0,35020.0,35080.0,35110.0,34990.0,34990.0,35320.0,35480.0,35000.0,35190.0,34920.0,34520.0,34500.0,34320.0,34260.0,34230.0,34190.0,33900.0,33900.0,33760.0,33740.0,33760.0,32620.0,32630.0,32410.0,32400.0,31710.0,31680.0,31650.0,28690.0,]"
Azerbaijan,AZE,Agricultural land (sq. km),AG.LND.AGRI.K2,"[,,,,,,,,,,,,,,,,,,,,,,,,,,,,,,,,44462.0,44566.0,44860.0,44891.0,45262.0,45887.0,46821.0,46924.0,47404.0,47456.0,47449.0,47546.0,47549.0,47586.0,47560.0,47565.0,47567.0,47573.0,47668.0,47687.0,]"
The Bahamas,BHS,Agricultural land (sq. km),AG.LND.AGRI.K2,"[,100.0,100.0,100.0,100.0,100.0,100.0,100.0,100.0,100.0,100.0,100.0,100.0,100.0,100.0,100.0,110.0,110.0,110.0,110.0,110.0,110.0,110.0,110.0,110.0,120.0,120.0,120.0,120.0,120.0,120.0,120.0,120.0,120.0,120.0,120.0,120.0,120.0,120.0,120.0,130.0,130.0,130.0,130.0,130.0,130.0,130.0,130.0,130.0,140.0,150.0,150.0,]"
Bangladesh,BGD,Agricultural land (sq. km),AG.LND.AGRI.K2,"[,94800.0,94770.0,94800.0,95200.0,96370.0,96500.0,96950.0,96690.0,96750.0,96970.0,96950.0,99910.0,99890.0,99890.0,100040.0,99980.0,99910.0,99870.0,99830.0,99870.0,99810.0,99780.0,99640.0,100600.0,100270.0,100410.0,101150.0,104270.0,104430.0,103860.0,103200.0,95490.0,94460.0,93580.0,93740.0,93270.0,93650.0,94340.0,94860.0,94000.0,94030.0,93530.0,93280.0,93230.0,93110.0,92800.0,92660.0,92530.0,92460.0,92410.0,91280.0,]"
Belarus,BLR,Agricultural land (sq. km),AG.LND.AGRI.K2,"[,,,,,,,,,,,,,,,,,,,,,,,,,,,,,,,,93910.0,93540.0,93460.0,93390.0,93330.0,93060.0,93070.0,92810.0,92520.0,91280.0,90250.0,89860.0,89570.0,89490.0,89580.0,89160.0,89170.0,89270.0,88980.0,88750.0,]"
Belgium,BEL,Agricultural land (sq. km),AG.LND.AGRI.K2,"[,,,,,,,,,,,,,,,,,,,,,,,,,,,,,,,,,,,,,,,,13900.0,13890.0,13910.0,13940.0,13930.0,13850.0,13820.0,13700.0,13730.0,13640.0,13580.0,13370.0,]"
Belize,BLZ,Agricultural land (sq. km),AG.LND.AGRI.K2,"[,790.0,790.0,800.0,800.0,800.0,810.0,810.0,810.0,820.0,820.0,830.0,830.0,840.0,840.0,850.0,850.0,860.0,930.0,940.0,960.0,970.0,970.0,970.0,970.0,1010.0,1030.0,1120.0,1150.0,1200.0,1260.0,1300.0,1360.0,1430.0,1430.0,1460.0,1470.0,1480.0,1480.0,1500.0,1490.0,1490.0,1520.0,1520.0,1520.0,1520.0,1520.0,1520.0,1520.0,1550.0,1570.0,1570.0,]"
Benin,BEN,Agricultural land (sq. km),AG.LND.AGRI.K2,"[,14420.0,14620.0,14820.0,15020.0,15220.0,15520.0,15920.0,16220.0,17070.0,17270.0,17770.0,18070.0,18270.0,18570.0,18970.0,19270.0,19570.0,19770.0,19970.0,20270.0,20570.0,20900.0,21000.0,21100.0,21300.0,21900.0,22000.0,22100.0,22200.0,22700.0,22800.0,22950.0,23200.0,24000.0,25200.0,27100.0,28900.0,30500.0,31100.0,31950.0,32650.0,33650.0,34670.0,35670.0,35200.0,33350.0,33400.0,34450.0,33000.0,33900.0,34300.0,]"
Bermuda,BMU,Agricultural land (sq. km),AG.LND.AGRI.K2,"[,10.0,10.0,10.0,10.0,10.0,10.0,10.0,10.0,10.0,10.0,10.0,10.0,10.0,10.0,10.0,10.0,10.0,10.0,10.0,10.0,10.0,10.0,10.0,10.0,10.0,10.0,10.0,10.0,10.0,10.0,10.0,10.0,10.0,10.0,10.0,10.0,10.0,10.0,10.0,10.0,10.0,10.0,10.0,10.0,10.0,10.0,10.0,7.4,7.4,7.4,7.4,]"
Bhutan,BTN,Agricultural land (sq. km),AG.LND.AGRI.K2,"[,3610.0,3630.0,3630.0,3650.0,3660.0,3680.0,3680.0,3700.0,3700.0,3820.0,3820.0,3850.0,3850.0,3920.0,3920.0,3980.0,4000.0,4000.0,4050.0,4130.0,4130.0,4180.0,4300.0,4440.0,4440.0,4440.0,4650.0,4600.0,4520.0,4540.0,5040.0,5040.0,5050.0,5090.0,5650.0,5700.0,5720.0,5720.0,5720.0,5300.0,5350.0,5350.0,5370.0,5840.0,5930.0,5770.0,5630.0,5070.0,5170.0,5200.0,5200.0,]"
Bolivia,BOL,Agricultural land (sq. km),AG.LND.AGRI.K2,"[,300420.0,299420.0,298070.0,298780.0,299150.0,299510.0,299880.0,300240.0,302610.0,302970.0,307340.0,312700.0,313080.0,318430.0,323800.0,324160.0,329530.0,329890.0,335250.0,335620.0,340990.0,341360.0,341730.0,347170.0,346870.0,352030.0,352270.0,352500.0,354700.0,354550.0,357960.0,358310.0,362130.0,363510.0,365000.0,365840.0,368610.0,369680.0,369990.0,369990.0,370060.0,371110.0,366470.0,366170.0,369620.0,366980.0,368280.0,368190.0,369540.0,369650.0,370550.0,]"
Bosnia and Herzegovina,BIH,Agricultural land (sq. km),AG.LND.AGRI.K2,"[,,,,,,,,,,,,,,,,,,,,,,,,,,,,,,,,22000.0,21900.0,21800.0,21750.0,21700.0,21650.0,21600.0,21050.0,21300.0,21260.0,21230.0,21690.0,21694.0,21570.0,21590.0,21490.0,21300.0,21280.0,21440.0,21510.0,]"
Botswana,BWA,Agricultural land (sq. km),AG.LND.AGRI.K2,"[,260000.0,260000.0,260000.0,260000.0,260010.0,260010.0,260010.0,260010.0,260010.0,260010.0,260010.0,260020.0,260020.0,260020.0,260020.0,260020.0,260020.0,260020.0,260040.0,260040.0,260040.0,260060.0,260060.0,260060.0,260080.0,260080.0,260100.0,260100.0,260150.0,260210.0,259010.0,258510.0,259510.0,259960.0,259460.0,259460.0,259010.0,258310.0,258410.0,259510.0,258010.0,258460.0,257960.0,258260.0,258415.0,258030.0,257840.0,258810.0,259180.0,258610.0,258610.0,]"
Brazil,BRA,Agricultural land (sq. km),AG.LND.AGRI.K2,"[,1505310.0,1559130.0,1615110.0,1660410.0,1703950.0,1750940.0,1795890.0,1852230.0,1937780.0,1953970.0,1996320.0,2028370.0,2058610.0,2100430.0,2134160.0,2160070.0,2185500.0,2200390.0,2225130.0,2242780.0,2258240.0,2281360.0,2288210.0,2299240.0,2310410.0,2340550.0,2357910.0,2376870.0,2394320.0,2416080.0,2449410.0,2467090.0,2494630.0,2514180.0,2584720.0,2590190.0,2595660.0,2601120.0,2607590.0,2614060.0,2634650.0,2658680.0,2684770.0,2710110.0,2712987.1,2706805.0,2710816.0,2734890.0,2735200.0,2734210.0,2750300.0,]"
Brunei,BRN,Agricultural land (sq. km),AG.LND.AGRI.K2,"[,210.0,210.0,210.0,240.0,240.0,230.0,230.0,240.0,240.0,240.0,190.0,180.0,180.0,180.0,180.0,170.0,150.0,150.0,150.0,140.0,140.0,130.0,130.0,120.0,120.0,120.0,120.0,120.0,120.0,110.0,110.0,110.0,110.0,110.0,100.0,100.0,100.0,100.0,100.0,100.0,110.0,110.0,110.0,110.0,110.0,103.0,114.0,114.0,114.0,114.0,114.0,]"
Bulgaria,BGR,Agricultural land (sq. km),AG.LND.AGRI.K2,"[,56730.0,56850.0,56930.0,57720.0,57930.0,58020.0,58630.0,58810.0,60220.0,60100.0,60090.0,60220.0,59820.0,60380.0,59550.0,61980.0,62060.0,62110.0,62060.0,61810.0,61790.0,61820.0,61770.0,61720.0,61690.0,61660.0,61660.0,61620.0,61680.0,61590.0,61610.0,61540.0,61210.0,61590.0,61640.0,61640.0,62030.0,56450.0,56790.0,55820.0,54980.0,53250.0,53260.0,53300.0,52650.0,51600.0,51160.0,51010.0,50300.0,50520.0,50880.0,]"
Burkina Faso,BFA,Agricultural land (sq. km),AG.LND.AGRI.K2,"[,81390.0,81490.0,81590.0,81690.0,81790.0,81900.0,82000.0,82100.0,82220.0,82360.0,82200.0,83020.0,83730.0,84530.0,85360.0,85850.0,86350.0,86850.0,87350.0,87850.0,88350.0,88850.0,89350.0,89850.0,90350.0,90850.0,91400.0,95640.0,96000.0,95750.0,95500.0,95250.0,95000.0,94310.0,94500.0,95500.0,99100.0,99600.0,100600.0,97600.0,106600.0,107600.0,111600.0,106600.0,109600.0,107600.0,109600.0,121600.0,117650.0,120650.0,117650.0,]"
Burundi,BDI,Agricultural land (sq. km),AG.LND.AGRI.K2,"[,15750.0,15900.0,16040.0,16050.0,16240.0,16210.0,16660.0,16760.0,18970.0,18800.0,18990.0,19060.0,20000.0,20300.0,20600.0,20950.0,21430.0,21450.0,21500.0,21500.0,21500.0,21500.0,21500.0,21500.0,21500.0,21600.0,21500.0,21450.0,21300.0,21250.0,21250.0,21350.0,21350.0,21350.0,21450.0,21500.0,21600.0,22560.0,22570.0,22700.0,23070.0,23410.0,23300.0,23350.0,22860.0,22600.0,22200.0,22300.0,21500.0,22700.0,22200.0,]"
Cambodia,KHM,Agricultural land (sq. km),AG.LND.AGRI.K2,"[,35180.0,35330.0,35420.0,35950.0,36270.0,36270.0,36290.0,35770.0,34770.0,34190.0,24500.0,24500.0,24500.0,25000.0,25000.0,25500.0,25500.0,26000.0,26000.0,26500.0,26500.0,26800.0,26900.0,26910.0,29900.0,32900.0,37000.0,41500.0,44350.0,44550.0,45100.0,45150.0,45310.0,45700.0,45700.0,45800.0,45800.0,46300.0,46400.0,47700.0,48900.0,50000.0,51000.0,52300.0,53560.0,54550.0,54550.0,55550.0,55550.0,56550.0,56550.0,]"
Cameroon,CMR,Agricultural land (sq. km),AG.LND.AGRI.K2,"[,75100.0,75700.0,76200.0,76800.0,77400.0,78000.0,78700.0,79200.0,79700.0,79780.0,80280.0,80950.0,81600.0,82800.0,83950.0,85100.0,86440.0,86710.0,89120.0,89300.0,89600.0,90100.0,90600.0,91100.0,91600.0,92300.0,92100.0,92100.0,91900.0,91700.0,91500.0,91600.0,91600.0,91600.0,91600.0,91600.0,91600.0,91600.0,91600.0,91600.0,91600.0,91600.0,91600.0,91600.0,91630.0,91630.0,91630.0,92130.0,93130.0,96000.0,96000.0,]"
Canada,CAN,Agricultural land (sq. km),AG.LND.AGRI.K2,"[,698250.0,699530.0,700810.0,702080.0,703370.0,704640.0,701040.0,697430.0,693820.0,690210.0,686610.0,686130.0,685660.0,685190.0,684720.0,684250.0,679180.0,674110.0,669030.0,663960.0,658890.0,662760.0,666640.0,670510.0,674390.0,678250.0,678120.0,677980.0,677820.0,677680.0,677530.0,678140.0,678740.0,679340.0,679940.0,680550.0,679440.0,678340.0,677230.0,676130.0,675020.0,675170.0,675350.0,675510.0,675690.0,659540.0,652824.0,646108.0,639402.0,632686.0,625970.0,]"
Central African Republic,CAF,Agricultural land (sq. km),AG.LND.AGRI.K2,"[,47380.0,47480.0,47560.0,47700.0,47800.0,47900.0,48000.0,48100.0,48200.0,48300.0,48400.0,48500.0,48600.0,48700.0,48900.0,49000.0,49100.0,49200.0,49300.0,49450.0,49450.0,49600.0,49700.0,49820.0,49830.0,50040.0,50050.0,50060.0,50060.0,50060.0,50080.0,50200.0,50200.0,50200.0,50100.0,50220.0,51230.0,51490.0,51490.0,51490.0,51490.0,51490.0,51950.0,52150.0,52150.0,52100.0,52100.0,52100.0,52300.0,50800.0,50800.0,]"
Chad,TCD,Agricultural land (sq. km),AG.LND.AGRI.K2,"[,479000.0,479000.0,479000.0,479000.0,479000.0,479000.0,479000.0,479000.0,479000.0,479000.0,479000.0,479000.0,479100.0,479200.0,480000.0,481000.0,481000.0,481500.0,481500.0,481500.0,481500.0,481500.0,481500.0,481500.0,481550.0,482050.0,482050.0,482300.0,482500.0,483000.0,483500.0,483700.0,484000.0,484200.0,484500.0,484300.0,486300.0,486300.0,486300.0,486300.0,489300.0,487300.0,488300.0,488300.0,495300.0,494800.0,493300.0,493300.0,493320.0,495320.0,499320.0,]"
Chile,CHL,Agricultural land (sq. km),AG.LND.AGRI.K2,"[,133860.0,135560.0,137260.0,138980.0,140690.0,142380.0,144580.0,146780.0,148480.0,151000.0,153500.0,156000.0,158380.0,162500.0,165500.0,172000.0,171000.0,170000.0,169000.0,168500.0,167500.0,166000.0,165500.0,165000.0,164720.0,164360.0,161630.0,161540.0,161690.0,158990.0,157890.0,155560.0,154770.0,154500.0,153300.0,152320.0,152220.0,152190.0,150600.0,151100.0,151500.0,155650.0,154250.0,159350.0,158850.0,158000.0,157360.0,157760.0,157860.0,157430.0,157890.0,]"
China,CHN,Agricultural land (sq. km),AG.LND.AGRI.K2,"[,3432480.0,3460010.0,3488540.0,3517060.0,3555090.0,3591120.0,3627150.0,3663130.0,3709280.0,3755180.0,3801650.0,3847810.0,3903880.0,3970290.0,4016370.0,4075900.0,4135320.0,4193960.0,4241130.0,4285190.0,4338180.0,4387180.0,4570310.0,4626380.0,4772440.0,4829530.0,4893610.0,4948790.0,5007880.0,5057920.0,5108960.0,5159980.0,5190610.0,5241080.0,5255490.0,5250730.0,5241870.0,5256540.0,5251000.0,5250360.0,5240990.0,5231970.0,5213340.0,5272502.0,5237122.0,5237082.0,5154000.0,5153770.0,5171540.0,5188014.0,5191482.0,]"
Colombia,COL,Agricultural land (sq. km),AG.LND.AGRI.K2,"[,399700.0,409720.0,414930.0,419950.0,430080.0,430200.0,430230.0,430250.0,430300.0,430300.0,450540.0,450680.0,450840.0,450990.0,451150.0,451300.0,453150.0,452610.0,452770.0,452920.0,453080.0,453230.0,453390.0,453560.0,453750.0,453950.0,454010.0,452830.0,451830.0,450830.0,448840.0,449830.0,449030.0,448650.0,445130.0,449200.0,450820.0,455430.0,456680.0,448590.0,417450.0,416070.0,420510.0,423910.0,425570.0,421740.0,424360.0,426140.0,425400.0,425030.0,437856.0,]"
Democratic Republic of the Congo,ZAR,Agricultural land (sq. km),AG.LND.AGRI.K2,"[,250500.0,250700.0,251000.0,251300.0,251500.0,251700.0,252000.0,252500.0,253000.0,253500.0,254000.0,254500.0,255000.0,255500.0,255500.0,256000.0,256300.0,256500.0,256500.0,257000.0,257500.0,257700.0,258000.0,258500.0,259000.0,259500.0,259500.0,259500.0,259500.0,259600.0,259800.0,260000.0,260000.0,260000.0,258000.0,258000.0,257000.0,257000.0,256000.0,256000.0,255500.0,255500.0,255500.0,255500.0,255500.0,255860.0,256500.0,257000.0,257450.0,257600.0,257550.0,]"
Republic of the Congo,COG,Agricultural land (sq. km),AG.LND.AGRI.K2,"[,105400.0,105400.0,105420.0,105430.0,105430.0,105430.0,105430.0,105430.0,105440.0,105480.0,105480.0,105500.0,105540.0,105580.0,105620.0,105680.0,105650.0,105200.0,105220.0,105250.0,105280.0,105540.0,105580.0,105620.0,105680.0,105650.0,105400.0,105420.0,105440.0,105210.0,105230.0,105250.0,105300.0,105180.0,105200.0,105220.0,105360.0,105380.0,105440.0,105400.0,105400.0,105400.0,105400.0,105400.0,105420.0,105450.0,105480.0,105500.0,105600.0,105600.0,105600.0,]"
Costa Rica,CRI,Agricultural land (sq. km),AG.LND.AGRI.K2,"[,13950.0,14100.0,14200.0,14850.0,15550.0,16350.0,16360.0,17160.0,17900.0,18560.0,18870.0,18870.0,20480.0,20480.0,21220.0,22050.0,22870.0,23600.0,24430.0,25160.0,25990.0,26790.0,26820.0,27480.0,26810.0,26120.0,25390.0,24630.0,23780.0,23050.0,22380.0,21600.0,21130.0,20950.0,20480.0,19950.0,19530.0,19150.0,18880.0,18400.0,18330.0,18260.0,18290.0,18220.0,17950.0,18050.0,18000.0,18000.0,18500.0,18800.0,18800.0,]"
Ivory Coast,CIV,Agricultural land (sq. km),AG.LND.AGRI.K2,"[,156800.0,158800.0,158800.0,159800.0,160800.0,160800.0,161500.0,161500.0,162000.0,162000.0,163000.0,163100.0,164400.0,166250.0,167150.0,168400.0,170800.0,172100.0,172250.0,172550.0,173700.0,174900.0,175840.0,179010.0,181800.0,182800.0,184000.0,187200.0,188200.0,189300.0,189500.0,192000.0,195020.0,197000.0,198000.0,198000.0,197000.0,197000.0,196000.0,196000.0,196000.0,196000.0,195000.0,199000.0,202000.0,202500.0,205000.0,205000.0,205000.0,205000.0,205000.0,]"
Croatia,HRV,Agricultural land (sq. km),AG.LND.AGRI.K2,"[,,,,,,,,,,,,,,,,,,,,,,,,,,,,,,,,24040.0,22720.0,23120.0,23320.0,19350.0,19410.0,20480.0,20320.0,11690.0,11780.0,11810.0,11960.0,11760.0,12110.0,12300.0,12020.0,12891.0,12996.0,13338.0,13261.0,]"
Cuba,CUB,Agricultural land (sq. km),AG.LND.AGRI.K2,"[,35500.0,38050.0,40380.0,47550.0,45480.0,45100.0,46210.0,47270.0,47450.0,50220.0,50730.0,55810.0,58510.0,56310.0,58100.0,59970.0,60380.0,59480.0,58620.0,59370.0,59380.0,60830.0,61790.0,61420.0,62220.0,64510.0,67260.0,67880.0,67720.0,67410.0,67550.0,67750.0,67300.0,66860.0,66840.0,66150.0,66870.0,66740.0,66600.0,65540.0,66560.0,66540.0,66380.0,65280.0,66370.0,66300.0,66200.0,65300.0,65700.0,65700.0,65700.0,]"
Cyprus,CYP,Agricultural land (sq. km),AG.LND.AGRI.K2,"[,2050.0,2050.0,2050.0,2050.0,2080.0,2100.0,2120.0,2230.0,2250.0,2320.0,2350.0,2300.0,2270.0,2080.0,2000.0,2000.0,2010.0,1780.0,1780.0,1730.0,1730.0,1730.0,1730.0,1730.0,1630.0,1630.0,1620.0,1620.0,1610.0,1620.0,1610.0,1600.0,1590.0,1480.0,1450.0,1470.0,1440.0,1470.0,1460.0,1420.0,1400.0,1400.0,1570.0,1560.0,1670.0,1570.0,1472.0,1156.0,1276.0,1140.0,1185.0,]"
Czech Republic,CZE,Agricultural land (sq. km),AG.LND.AGRI.K2,"[,,,,,,,,,,,,,,,,,,,,,,,,,,,,,,,,,42820.0,42840.0,42800.0,42800.0,42800.0,42840.0,42820.0,42800.0,42780.0,42720.0,42690.0,42650.0,42600.0,42540.0,42490.0,42440.0,42390.0,42340.0,42290.0,]"
Denmark,DNK,Agricultural land (sq. km),AG.LND.AGRI.K2,"[,31600.0,31410.0,30880.0,30680.0,30330.0,30270.0,30230.0,30170.0,29910.0,29750.0,29510.0,29560.0,29860.0,29320.0,29370.0,29330.0,29270.0,29210.0,29200.0,29050.0,28970.0,28870.0,28460.0,28550.0,28340.0,28190.0,27980.0,27870.0,27740.0,27880.0,27700.0,27560.0,27390.0,26910.0,27260.0,27160.0,26880.0,26720.0,26440.0,26470.0,26760.0,26650.0,26580.0,26460.0,27070.0,27100.0,26630.0,26680.0,26340.0,26260.0,26900.0,]"
Djibouti,DJI,Agricultural land (sq. km),AG.LND.AGRI.K2,"[,13010.0,13010.0,13010.0,13010.0,13010.0,13010.0,13010.0,13010.0,13010.0,13010.0,13010.0,13010.0,13010.0,13010.0,13010.0,13010.0,13010.0,13010.0,13010.0,13010.0,13010.0,13010.0,13010.0,13010.0,13010.0,13010.0,13010.0,13010.0,13010.0,12990.0,13360.0,13710.0,14010.0,14010.0,14510.0,14810.0,15010.0,15010.0,15510.0,16010.0,16810.0,17010.0,17010.0,17010.0,17010.0,17013.0,17013.0,17010.0,17020.0,17020.0,17020.0,]"
Dominican Republic,DOM,Agricultural land (sq. km),AG.LND.AGRI.K2,"[,21900.0,22050.0,22200.0,22350.0,22500.0,22650.0,22800.0,22900.0,23300.0,23350.0,23440.0,23700.0,24050.0,24250.0,24550.0,25100.0,25400.0,25650.0,25900.0,26200.0,26250.0,26300.0,26300.0,26300.0,26300.0,26370.0,26370.0,26370.0,26410.0,25500.0,25700.0,26000.0,26000.0,26000.0,26000.0,25800.0,25400.0,25500.0,25170.0,25150.0,25150.0,25150.0,24670.0,24670.0,24670.0,24670.0,24670.0,24470.0,24470.0,24470.0,24470.0,]"
Ecuador,ECU,Agricultural land (sq. km),AG.LND.AGRI.K2,"[,47100.0,47100.0,47200.0,47200.0,47300.0,47300.0,47400.0,47350.0,47950.0,48550.0,49150.0,49750.0,50350.0,51680.0,53850.0,55550.0,58350.0,60050.0,61900.0,64780.0,67590.0,69600.0,70950.0,72550.0,74200.0,75800.0,77210.0,77260.0,77530.0,78460.0,79140.0,79530.0,79750.0,81290.0,81080.0,79870.0,80120.0,80270.0,80750.0,80660.0,77850.0,74900.0,72500.0,75270.0,75000.0,74440.0,74120.0,74450.0,75344.0,74977.0,73460.7,]"
Egypt,EGY,Agricultural land (sq. km),AG.LND.AGRI.K2,"[,25680.0,25050.0,24900.0,25060.0,26720.0,27800.0,28010.0,28010.0,28350.0,28430.0,28520.0,28550.0,28550.0,28430.0,28250.0,27300.0,26350.0,25400.0,24470.0,24450.0,24680.0,24690.0,24780.0,24930.0,24970.0,25670.0,25470.0,25810.0,25710.0,26480.0,26430.0,29000.0,32460.0,32460.0,32830.0,32860.0,33000.0,33000.0,34830.0,32910.0,33380.0,34240.0,34090.0,34780.0,35230.0,35330.0,35380.0,35420.0,36890.0,36710.0,36650.0,]"
El Salvador,SLV,Agricultural land (sq. km),AG.LND.AGRI.K2,"[,12520.0,12520.0,12580.0,12580.0,12600.0,12500.0,12410.0,12390.0,12370.0,12350.0,12780.0,12810.0,12880.0,12980.0,13080.0,13000.0,13090.0,13500.0,14000.0,14100.0,13700.0,13410.0,13370.0,13470.0,13670.0,13870.0,13870.0,14070.0,14070.0,14100.0,14280.0,14510.0,14510.0,14540.0,14550.0,13880.0,14060.0,14500.0,14810.0,15000.0,15500.0,15550.0,15510.0,16100.0,15650.0,14740.0,15040.0,15530.0,15440.0,15293.4,15320.0,]"
Equatorial Guinea,GNQ,Agricultural land (sq. km),AG.LND.AGRI.K2,"[,3140.0,3190.0,3240.0,3250.0,3250.0,3290.0,3290.0,3290.0,3290.0,3290.0,3340.0,3340.0,3340.0,3340.0,3340.0,3340.0,3340.0,3340.0,3340.0,3340.0,3340.0,3340.0,3340.0,3340.0,3340.0,3340.0,3340.0,3340.0,3340.0,3340.0,3340.0,3340.0,3340.0,3340.0,3340.0,3340.0,3340.0,3340.0,3340.0,3340.0,3340.0,3240.0,3240.0,3240.0,3240.0,3140.0,3140.0,3100.0,3060.0,3040.0,3040.0,]"
Eritrea,ERI,Agricultural land (sq. km),AG.LND.AGRI.K2,"[,,,,,,,,,,,,,,,,,,,,,,,,,,,,,,,,,74000.0,74060.0,74070.0,73380.0,73600.0,74670.0,74670.0,75300.0,75320.0,75320.0,75670.0,75000.0,75220.0,75720.0,75720.0,75720.0,75920.0,75920.0,75920.0,]"
Estonia,EST,Agricultural land (sq. km),AG.LND.AGRI.K2,"[,,,,,,,,,,,,,,,,,,,,,,,,,,,,,,,,13740.0,13200.0,11010.0,9910.0,10050.0,10230.0,10430.0,10010.0,9860.0,8900.0,6980.0,8290.0,7700.0,8820.0,8990.0,9140.0,9070.0,9310.0,9490.0,9450.0,]"
Ethiopia,ETH,Agricultural land (sq. km),AG.LND.AGRI.K2,"[,578360.0,582490.0,583800.0,583300.0,586750.0,587700.0,588500.0,589700.0,592000.0,591500.0,593400.0,595300.0,594800.0,594300.0,593800.0,593300.0,593100.0,592890.0,592770.0,591150.0,588600.0,586050.0,583480.0,578900.0,576900.0,573850.0,570300.0,567750.0,565200.0,563120.0,561580.0,561050.0,305400.0,304720.0,305000.0,305000.0,304920.0,305080.0,306760.0,306620.0,314090.0,302680.0,316070.0,316070.0,331010.0,336910.0,342190.0,350770.0,345130.0,349850.0,356830.0,]"
Fiji,FJI,Agricultural land (sq. km),AG.LND.AGRI.K2,"[,2270.0,2270.0,2280.0,2280.0,2230.0,2230.0,2210.0,2190.0,2210.0,2210.0,2210.0,2300.0,2350.0,2400.0,2450.0,2600.0,2700.0,2800.0,2850.0,2900.0,3000.0,3100.0,3200.0,3300.0,3450.0,3500.0,3650.0,3800.0,3950.0,4100.0,4240.0,4350.0,4350.0,4330.0,4400.0,4400.0,4400.0,4300.0,4280.0,4280.0,4280.0,4280.0,4280.0,4280.0,4280.0,4280.0,4270.0,4280.0,4276.0,4276.0,4276.0,]"
Finland,FIN,Agricultural land (sq. km),AG.LND.AGRI.K2,"[,27750.0,27800.0,27850.0,27900.0,27950.0,28000.0,28050.0,27900.0,27530.0,27240.0,27000.0,26800.0,26470.0,26380.0,26130.0,25980.0,26070.0,25730.0,25460.0,25360.0,25170.0,24880.0,24510.0,24270.0,24080.0,23930.0,24190.0,23750.0,23860.0,23970.0,24250.0,24060.0,23840.0,24120.0,22590.0,22370.0,22740.0,23160.0,22940.0,22180.0,22220.0,22360.0,22460.0,22530.0,22740.0,23010.0,22950.0,22960.0,22960.0,22910.0,22860.0,]"
France,FRA,Agricultural land (sq. km),AG.LND.AGRI.K2,"[,345390.0,344400.0,343540.0,341090.0,340010.0,338460.0,336290.0,331780.0,331730.0,324950.0,326230.0,325150.0,324600.0,324420.0,323570.0,320210.0,319100.0,319610.0,318340.0,317220.0,316870.0,316460.0,315650.0,315080.0,314420.0,313950.0,313530.0,308300.0,306700.0,305700.0,304260.0,303310.0,302030.0,301190.0,300590.0,299980.0,299600.0,299270.0,299000.0,297060.0,296310.0,295550.0,296880.0,296110.0,295500.0,295030.0,294180.0,293190.0,292660.0,291470.0,290900.0,]"
Gabon,GAB,Agricultural land (sq. km),AG.LND.AGRI.K2,"[,51950.0,52100.0,52250.0,52400.0,52550.0,52700.0,52350.0,52500.0,52150.0,51800.0,52000.0,51650.0,51350.0,51500.0,51690.0,51540.0,51770.0,51990.0,51500.0,51520.0,51520.0,51520.0,51520.0,51520.0,51520.0,51520.0,51520.0,51520.0,51520.0,51570.0,51570.0,51600.0,51600.0,51600.0,51600.0,51600.0,51600.0,51600.0,51600.0,51600.0,51600.0,51600.0,51600.0,51600.0,51600.0,51600.0,51600.0,51600.0,51600.0,51600.0,51600.0,]"
Gambia,GMB,Agricultural land (sq. km),AG.LND.AGRI.K2,"[,5240.0,5250.0,5260.0,5270.0,5280.0,5290.0,5310.0,5310.0,5330.0,5340.0,5370.0,5420.0,5470.0,5740.0,5680.0,5670.0,5740.0,5810.0,5700.0,5630.0,5850.0,6060.0,5870.0,5730.0,5730.0,5820.0,5890.0,6040.0,5860.0,5860.0,5920.0,5580.0,5570.0,5570.0,5570.0,5570.0,5570.0,5520.0,5520.0,5520.0,5600.0,5170.0,5170.0,5200.0,5320.0,4950.0,4950.0,5520.0,6030.0,6150.0,6150.0,]"
Georgia,GEO,Agricultural land (sq. km),AG.LND.AGRI.K2,"[,,,,,,,,,,,,,,,,,,,,,,,,,,,,,,,,32290.0,31280.0,30970.0,30480.0,30350.0,30370.0,30450.0,29990.0,30000.0,30030.0,30040.0,30060.0,25120.0,25390.0,25359.0,25266.0,25233.0,25270.0,24685.0,24690.0,]"
Germany,DEU,Agricultural land (sq. km),AG.LND.AGRI.K2,"[,193750.0,193930.0,194020.0,194580.0,195340.0,195310.0,194120.0,192850.0,192540.0,190230.0,189520.0,189490.0,188970.0,188210.0,187920.0,187580.0,187090.0,186590.0,185940.0,185190.0,184610.0,183960.0,183300.0,182840.0,182440.0,182080.0,181250.0,180970.0,180560.0,180320.0,171360.0,169510.0,171620.0,173080.0,173430.0,173370.0,173270.0,173730.0,171520.0,170680.0,170340.0,169670.0,170010.0,170130.0,170310.0,169460.0,169500.0,169210.0,168860.0,167000.0,167190.0,]"
Ghana,GHA,Agricultural land (sq. km),AG.LND.AGRI.K2,"[,117000.0,117000.0,117000.0,117000.0,117000.0,117000.0,117000.0,117000.0,117000.0,117000.0,117000.0,117000.0,117000.0,117000.0,118000.0,118000.0,119000.0,120000.0,120000.0,120000.0,120000.0,122000.0,122000.0,123000.0,124000.0,124000.0,124000.0,125000.0,125000.0,126050.0,127200.0,127200.0,128000.0,129000.0,131000.0,133000.0,136280.0,140300.0,141800.0,144300.0,145100.0,146310.0,148350.0,151000.0,151000.0,153000.0,154000.0,156000.0,157500.0,158000.0,159000.0,]"
Greece,GRC,Agricultural land (sq. km),AG.LND.AGRI.K2,"[,89100.0,89020.0,90210.0,89910.0,86780.0,90900.0,91130.0,91430.0,91440.0,91550.0,91550.0,91600.0,91430.0,91410.0,91180.0,91150.0,91120.0,91750.0,91810.0,91800.0,92060.0,92060.0,91820.0,92090.0,91840.0,91800.0,91770.0,91790.0,92150.0,92220.0,91640.0,91670.0,91600.0,91700.0,91640.0,91720.0,89850.0,87820.0,86700.0,85290.0,85020.0,84460.0,45801.0,83410.0,39710.0,82720.0,46895.0,82291.0,81992.0,81520.0,81520.0,]"
Greenland,GRL,Agricultural land (sq. km),AG.LND.AGRI.K2,"[,2350.0,2350.0,2350.0,2350.0,2350.0,2350.0,2350.0,2350.0,2350.0,2350.0,2350.0,2350.0,2350.0,2350.0,2350.0,2350.0,2350.0,2350.0,2350.0,2350.0,2350.0,2350.0,2350.0,2350.0,2354.0,2354.0,2354.0,2354.0,2354.0,2355.0,2355.0,2356.0,2356.0,2356.0,2356.0,2357.0,2357.0,2357.0,2357.0,2358.0,2358.0,2359.0,2359.0,2359.0,2359.0,2359.0,2359.0,2359.0,2359.0,2359.0,2359.0,]"
Guatemala,GTM,Agricultural land (sq. km),AG.LND.AGRI.K2,"[,26460.0,26580.0,26700.0,26820.0,26940.0,27060.0,27280.0,27400.0,27420.0,27550.0,27670.0,28000.0,28430.0,28750.0,28880.0,29300.0,29930.0,30050.0,30160.0,30500.0,30670.0,31040.0,31190.0,37850.0,37850.0,37850.0,37850.0,42850.0,42850.0,42850.0,42850.0,42850.0,44820.0,45120.0,45120.0,45120.0,45220.0,44300.0,44400.0,44650.0,44950.0,45250.0,50640.0,48000.0,45620.0,43000.0,44640.0,42180.0,43950.0,43950.0,43950.0,]"
Guinea,GIN,Agricultural land (sq. km),AG.LND.AGRI.K2,"[,146200.0,146190.0,145950.0,145710.0,145480.0,145240.0,145000.0,144760.0,144520.0,144290.0,144050.0,143810.0,143570.0,143340.0,143200.0,142960.0,142720.0,142480.0,142450.0,142210.0,141970.0,141730.0,141590.0,141360.0,141220.0,140980.0,140740.0,140810.0,140570.0,141410.0,140490.0,140550.0,140520.0,140480.0,140240.0,139170.0,138000.0,137150.0,135400.0,134890.0,135400.0,137400.0,138450.0,139300.0,141210.0,141300.0,141800.0,142400.0,142400.0,142400.0,142400.0,]"
Guinea Bissau,GNB,Agricultural land (sq. km),AG.LND.AGRI.K2,"[,13580.0,13580.0,13580.0,13580.0,13580.0,13580.0,13680.0,13680.0,13680.0,13680.0,13680.0,13680.0,13730.0,13780.0,13780.0,13780.0,13790.0,13790.0,13800.0,13830.0,13900.0,14030.0,14130.0,14400.0,14480.0,14150.0,14100.0,14000.0,14370.0,14470.0,14470.0,14470.0,14670.0,14770.0,14860.0,14920.0,15370.0,15370.0,15880.0,16280.0,16280.0,16090.0,16000.0,16100.0,16100.0,16100.0,16100.0,16100.0,16100.0,16300.0,16300.0,]"
Guyana,GUY,Agricultural land (sq. km),AG.LND.AGRI.K2,"[,13590.0,13590.0,13590.0,13590.0,13590.0,13640.0,13640.0,13660.0,13660.0,13710.0,13710.0,13740.0,13760.0,13760.0,13780.0,14580.0,15420.0,16260.0,17150.0,17150.0,17150.0,17150.0,17250.0,17280.0,17280.0,17300.0,17300.0,17300.0,17320.0,17320.0,17340.0,17340.0,17340.0,17340.0,17340.0,17340.0,17340.0,17340.0,17350.0,17080.0,17080.0,17080.0,17080.0,17080.0,16780.0,16750.0,16750.0,16750.0,16760.0,16770.0,16770.0,]"
Haiti,HTI,Agricultural land (sq. km),AG.LND.AGRI.K2,"[,16600.0,16650.0,16700.0,16750.0,16800.0,16850.0,16900.0,16950.0,17000.0,17050.0,17100.0,15840.0,15830.0,15830.0,15830.0,15850.0,15850.0,15950.0,15950.0,16000.0,16000.0,16000.0,16000.0,16000.0,16000.0,16000.0,16000.0,15990.0,15980.0,15970.0,15960.0,15750.0,15750.0,15950.0,15900.0,15900.0,16900.0,16900.0,16900.0,16900.0,16700.0,16700.0,16700.0,16700.0,16700.0,16700.0,18200.0,17700.0,17963.3,17700.0,17700.0,]"
Honduras,HND,Agricultural land (sq. km),AG.LND.AGRI.K2,"[,29800.0,29900.0,29950.0,30000.0,30050.0,30150.0,30250.0,30300.0,30300.0,30400.0,30450.0,30800.0,30900.0,30960.0,31350.0,31700.0,32450.0,32570.0,32570.0,32570.0,32640.0,32690.0,32700.0,32770.0,32780.0,32850.0,32850.0,32850.0,33710.0,33200.0,33420.0,33550.0,35480.0,35200.0,34800.0,34800.0,33950.0,33950.0,33370.0,29350.0,29360.0,30280.0,31530.0,31400.0,31500.0,31600.0,31600.0,31840.0,31950.0,32200.0,32200.0,]"
Hungary,HUN,Agricultural land (sq. km),AG.LND.AGRI.K2,"[,70830.0,70120.0,69840.0,69790.0,69530.0,69270.0,69140.0,69030.0,68880.0,68750.0,68550.0,68460.0,68350.0,67820.0,67700.0,67570.0,67290.0,66980.0,66510.0,66270.0,66010.0,65820.0,65710.0,65540.0,65390.0,65230.0,65110.0,64970.0,64840.0,64740.0,64600.0,61360.0,61300.0,61220.0,61790.0,61840.0,61950.0,61930.0,61860.0,58540.0,58650.0,58490.0,58650.0,58640.0,58630.0,58090.0,58070.0,57900.0,57830.0,53430.0,53370.0,]"
Iceland,ISL,Agricultural land (sq. km),AG.LND.AGRI.K2,"[,21200.0,21200.0,21200.0,21200.0,21200.0,21200.0,21200.0,21200.0,21200.0,20010.0,19910.0,19810.0,19710.0,19600.0,19500.0,19400.0,19310.0,19210.0,19110.0,19000.0,19000.0,19000.0,19000.0,19000.0,19000.0,19000.0,19000.0,19000.0,19000.0,19010.0,19010.0,19010.0,19000.0,19000.0,18990.0,18970.0,18950.0,18910.0,18890.0,18890.0,18890.0,18870.0,18850.0,18840.0,18820.0,18810.0,18760.0,18760.0,18240.0,15910.0,15910.0,]"
India,IND,Agricultural land (sq. km),AG.LND.AGRI.K2,"[,1749070.0,1764020.0,1761800.0,1767190.0,1772430.0,1776300.0,1778200.0,1783700.0,1778900.0,1780500.0,1777000.0,1782200.0,1792400.0,1800100.0,1808580.0,1808100.0,1807890.0,1809980.0,1805570.0,1803550.0,1804590.0,1807250.0,1804790.0,1810800.0,1809490.0,1812270.0,1816500.0,1811600.0,1812840.0,1810400.0,1811400.0,1809400.0,1810380.0,1810300.0,1807800.0,1808810.0,1808560.0,1810480.0,1809500.0,1825730.0,1803700.0,1800370.0,1803090.0,1800830.0,1798580.0,1799730.0,1797090.0,1797080.0,1799630.0,1797590.0,1797990.0,]"
Indonesia,IDN,Agricultural land (sq. km),AG.LND.AGRI.K2,"[,386000.0,386000.0,385500.0,385500.0,385000.0,384500.0,384500.0,384500.0,384000.0,384000.0,383500.0,383500.0,383000.0,383000.0,382560.0,380460.0,380460.0,380460.0,380000.0,380000.0,379500.0,379500.0,379000.0,370520.0,396790.0,412920.0,434850.0,441370.0,444350.0,450830.0,415240.0,413510.0,420160.0,419710.0,421870.0,421630.0,427220.0,429220.0,439230.0,456770.0,463000.0,468810.0,494060.0,517660.0,492460.0,502000.0,510000.0,520000.0,536000.0,546000.0,545000.0,]"
Iran,IRN,Agricultural land (sq. km),AG.LND.AGRI.K2,"[,592710.0,592900.0,593500.0,594100.0,594700.0,594800.0,595500.0,596000.0,596700.0,597000.0,601540.0,608000.0,614810.0,609600.0,604400.0,599500.0,596930.0,588670.0,599080.0,577130.0,582800.0,588670.0,592100.0,595400.0,603700.0,607000.0,610300.0,618710.0,617000.0,615000.0,629970.0,637870.0,641520.0,641570.0,642080.0,644270.0,638320.0,647870.0,636870.0,628840.0,638230.0,640440.0,642650.0,644860.0,476310.0,478520.0,480730.0,482940.0,485150.0,487360.0,489570.0,]"
Iraq,IRQ,Agricultural land (sq. km),AG.LND.AGRI.K2,"[,88000.0,88550.0,89100.0,88650.0,89200.0,89250.0,89800.0,89850.0,89900.0,89930.0,89990.0,91600.0,91700.0,92800.0,92850.0,92850.0,92850.0,93890.0,94390.0,94390.0,94390.0,94500.0,94500.0,94500.0,94650.0,94800.0,94800.0,95300.0,92300.0,92300.0,96300.0,95500.0,98700.0,93500.0,91000.0,91000.0,86600.0,89000.0,87500.0,83000.0,84900.0,88400.0,86900.0,86900.0,93900.0,89900.0,91400.0,81900.0,78500.0,82100.0,82100.0,]"
Ireland,IRL,Agricultural land (sq. km),AG.LND.AGRI.K2,"[,56400.0,56470.0,56710.0,56660.0,56620.0,56350.0,56540.0,56740.0,56910.0,56670.0,56720.0,56820.0,56820.0,56920.0,57150.0,57170.0,57220.0,57270.0,57220.0,57270.0,57320.0,57270.0,57040.0,56960.0,57050.0,56940.0,56690.0,56630.0,56550.0,56490.0,44420.0,44130.0,44040.0,43900.0,43890.0,43410.0,44310.0,44160.0,44180.0,44120.0,44100.0,43730.0,43700.0,43050.0,43020.0,42600.0,42760.0,42001.0,41890.0,45680.0,45550.0,]"
Israel,ISR,Agricultural land (sq. km),AG.LND.AGRI.K2,"[,5110.0,5050.0,5220.0,5250.0,5140.0,5250.0,5250.0,5210.0,5230.0,5250.0,5270.0,5270.0,5370.0,5450.0,5400.0,5300.0,5310.0,5330.0,5330.0,5330.0,5380.0,5400.0,5530.0,5640.0,5750.0,5790.0,5770.0,5760.0,5750.0,5790.0,5780.0,5770.0,5770.0,5790.0,5730.0,5640.0,5630.0,5620.0,5590.0,5660.0,5610.0,5630.0,5510.0,5135.0,5145.0,5088.0,5181.0,5156.0,5226.0,5174.0,5205.0,]"
Italy,ITA,Agricultural land (sq. km),AG.LND.AGRI.K2,"[,206830.0,206520.0,205100.0,204620.0,204400.0,204050.0,203790.0,203550.0,202270.0,201800.0,176490.0,175080.0,174820.0,175020.0,175170.0,175290.0,175010.0,175890.0,176080.0,175620.0,175510.0,175360.0,172600.0,172440.0,170950.0,170420.0,170120.0,168390.0,168500.0,168400.0,160540.0,159780.0,159100.0,157020.0,153330.0,153490.0,153450.0,154840.0,157990.0,156370.0,155020.0,152730.0,149070.0,148830.0,147360.0,142030.0,141620.0,144308.7,139283.3,143228.0,139326.0,]"
Jamaica,JAM,Agricultural land (sq. km),AG.LND.AGRI.K2,"[,5330.0,5350.0,5350.0,5330.0,5070.0,5170.0,5170.0,5170.0,5170.0,5070.0,5070.0,5070.0,5070.0,5070.0,5070.0,5070.0,5070.0,5070.0,4970.0,4970.0,4970.0,4870.0,4770.0,4770.0,4770.0,4770.0,4770.0,4770.0,4770.0,4760.0,4760.0,4760.0,5030.0,5000.0,4970.0,4940.0,4890.0,4840.0,4820.0,4790.0,4790.0,4740.0,4740.0,4720.0,4670.0,4670.0,4640.0,4490.0,4490.0,4490.0,4490.0,]"
Japan,JPN,Agricultural land (sq. km),AG.LND.AGRI.K2,"[,71100.0,71200.0,70200.0,70300.0,70040.0,68960.0,68380.0,67970.0,66520.0,66960.0,65410.0,64840.0,64470.0,64150.0,62730.0,62360.0,62150.0,61940.0,61740.0,60610.0,60420.0,60260.0,60110.0,59960.0,58790.0,58580.0,58400.0,58170.0,57290.0,56930.0,56540.0,56150.0,55740.0,55330.0,54430.0,53990.0,53540.0,53100.0,52710.0,52580.0,47930.0,47630.0,47360.0,47140.0,46920.0,46710.0,46500.0,46280.0,46090.0,45930.0,45610.0,]"
Jordan,JOR,Agricultural land (sq. km),AG.LND.AGRI.K2,"[,10840.0,10860.0,10870.0,10910.0,10920.0,10940.0,10970.0,10990.0,11000.0,11040.0,11050.0,11090.0,11100.0,11140.0,11150.0,11170.0,11180.0,11220.0,11250.0,11270.0,11176.0,11241.0,11380.0,10501.0,11178.0,11258.0,11560.0,11650.0,11498.0,10402.0,10104.0,11207.0,10900.0,10720.0,11140.0,10510.0,10610.0,10660.0,10670.0,10690.0,10220.0,10250.0,10050.0,10370.0,10130.0,10180.0,9633.0,9725.0,10250.0,10023.0,10026.0,]"
Kazakhstan,KAZ,Agricultural land (sq. km),AG.LND.AGRI.K2,"[,,,,,,,,,,,,,,,,,,,,,,,,,,,,,,,,2214630.0,2217470.0,2216510.0,2142120.0,2114660.0,2096400.0,2073800.0,2049330.0,2067690.0,2072690.0,2077990.0,2076860.0,2077500.0,2077500.0,2078000.0,2078000.0,2078000.0,2084800.0,2086650.0,2091150.0,]"
Kenya,KEN,Agricultural land (sq. km),AG.LND.AGRI.K2,"[,252000.0,252050.0,252100.0,252150.0,252200.0,252250.0,252300.0,252350.0,252400.0,252450.0,252500.0,252550.0,252600.0,252650.0,255720.0,255780.0,255800.0,255800.0,255800.0,255800.0,255800.0,255800.0,255800.0,255050.0,263540.0,263730.0,264350.0,266620.0,270530.0,267700.0,268770.0,270720.0,268400.0,272320.0,272180.0,264510.0,265940.0,264580.0,268760.0,266710.0,268390.0,268180.0,268740.0,269920.0,270020.0,270540.0,271000.0,272000.0,274500.0,274500.0,274500.0,]"
North Korea,PRK,Agricultural land (sq. km),AG.LND.AGRI.K2,"[,23800.0,23800.0,23800.0,23800.0,23800.0,23800.0,23800.0,23800.0,23800.0,23800.0,23800.0,23800.0,24300.0,24300.0,24300.0,24300.0,24300.0,24300.0,24300.0,25150.0,25150.0,25150.0,25150.0,25150.0,25150.0,25150.0,25150.0,25150.0,25150.0,25180.0,25300.0,25300.0,25500.0,26500.0,26500.0,25500.0,25500.0,25500.0,25500.0,25500.0,25500.0,25500.0,25500.0,25500.0,26000.0,26000.0,26000.0,26000.0,25500.0,25550.0,25550.0,]"
South Korea,KOR,Agricultural land (sq. km),AG.LND.AGRI.K2,"[,21130.0,20810.0,21000.0,21910.0,22780.0,23150.0,23360.0,23430.0,23370.0,23240.0,22990.0,22700.0,22710.0,22680.0,22720.0,22700.0,22670.0,22630.0,22520.0,22470.0,22450.0,22430.0,22360.0,22290.0,22200.0,22170.0,22190.0,22140.0,21970.0,21790.0,21610.0,21360.0,21180.0,20960.0,20480.0,20080.0,19830.0,19690.0,19540.0,19730.0,19450.0,19190.0,19020.0,18930.0,18810.0,18580.0,18400.0,18170.0,17950.0,17730.0,17560.0,]"
Kosovo,KSV,Agricultural land (sq. km),AG.LND.AGRI.K2,"[,,,,,,,,,,,,,,,,,,,,,,,,,,,,,,,,,,,,,,,,,,,,,,,5700.0,,,,,]"
Kuwait,KWT,Agricultural land (sq. km),AG.LND.AGRI.K2,"[,1350.0,1350.0,1350.0,1350.0,1350.0,1350.0,1350.0,1350.0,1350.0,1350.0,1350.0,1350.0,1350.0,1350.0,1350.0,1350.0,1350.0,1350.0,1350.0,1350.0,1360.0,1360.0,1360.0,1370.0,1370.0,1380.0,1380.0,1410.0,1410.0,1410.0,1410.0,1410.0,1420.0,1420.0,1420.0,1430.0,1430.0,1430.0,1440.0,1480.0,1510.0,1510.0,1510.0,1500.0,1500.0,1500.0,1510.0,1510.0,1510.0,1520.0,1520.0,]"
Kyrgyzstan,KGZ,Agricultural land (sq. km),AG.LND.AGRI.K2,"[,,,,,,,,,,,,,,,,,,,,,,,,,,,,,,,,100880.0,101200.0,103730.0,104390.0,106410.0,106610.0,106900.0,107260.0,107140.0,107760.0,107760.0,108400.0,107700.0,107450.0,107311.0,107286.0,107272.0,106173.0,106119.0,106085.0,]"
Laos,LAO,Agricultural land (sq. km),AG.LND.AGRI.K2,"[,15500.0,15500.0,15000.0,14500.0,14500.0,14600.0,14600.0,14700.0,14720.0,14770.0,14820.0,15120.0,15320.0,15550.0,15680.0,15800.0,15900.0,15980.0,16050.0,16060.0,16090.0,16170.0,16200.0,16300.0,16350.0,16380.0,16400.0,16500.0,16520.0,16600.0,16620.0,16640.0,16650.0,16900.0,17000.0,17000.0,17560.0,17800.0,18050.0,18360.0,18390.0,19090.0,19390.0,19590.0,20090.0,20600.0,20460.0,22770.0,23460.0,23780.0,23780.0,]"
Latvia,LVA,Agricultural land (sq. km),AG.LND.AGRI.K2,"[,,,,,,,,,,,,,,,,,,,,,,,,,,,,,,,,25300.0,25140.0,25400.0,18320.0,18740.0,17720.0,17490.0,16170.0,15880.0,15810.0,15950.0,15820.0,16420.0,17340.0,18550.0,18390.0,18250.0,18330.0,18050.0,18160.0,]"
Lebanon,LBN,Agricultural land (sq. km),AG.LND.AGRI.K2,"[,5620.0,5700.0,5700.0,5800.0,5960.0,5960.0,6060.0,6160.0,6200.0,6250.0,6300.0,6350.0,6450.0,6400.0,6350.0,6300.0,6250.0,6190.0,6130.0,6010.0,5980.0,5980.0,5980.0,5980.0,5990.0,6000.0,6040.0,6040.0,6040.0,6050.0,6060.0,6060.0,6060.0,6070.0,6090.0,6180.0,6220.0,6260.0,5825.0,5950.0,5980.0,6160.0,6270.0,6383.0,6530.0,6790.0,6771.0,6630.0,6630.0,6400.0,6380.0,]"
Lesotho,LSO,Agricultural land (sq. km),AG.LND.AGRI.K2,"[,25810.0,25760.0,25760.0,25780.0,25780.0,25830.0,25830.0,25330.0,24780.0,24270.0,23640.0,23590.0,23590.0,23590.0,23760.0,23590.0,22920.0,22930.0,23090.0,22960.0,23020.0,22920.0,22870.0,23010.0,23080.0,22910.0,23300.0,23430.0,23050.0,23210.0,23230.0,23360.0,23340.0,23290.0,23240.0,23260.0,23290.0,23290.0,23290.0,23340.0,23340.0,23040.0,23040.0,23140.0,23270.0,23070.0,23290.0,23620.0,23390.0,23260.0,23120.0,]"
Liberia,LBR,Agricultural land (sq. km),AG.LND.AGRI.K2,"[,25830.0,25810.0,25810.0,25780.0,25780.0,25750.0,25750.0,25730.0,25730.0,25710.0,25710.0,25710.0,25710.0,25710.0,25710.0,25710.0,25760.0,25760.0,25760.0,25760.0,25760.0,25800.0,25850.0,25860.0,25880.0,25970.0,26030.0,26000.0,26000.0,24930.0,25000.0,25000.0,25000.0,25000.0,25000.0,25000.0,25200.0,25600.0,25700.0,25900.0,25900.0,25900.0,25900.0,25950.0,25950.0,26000.0,26000.0,26000.0,26100.0,26300.0,26300.0,]"
Libya,LBY,Agricultural land (sq. km),AG.LND.AGRI.K2,"[,111700.0,113830.0,115850.0,117930.0,119950.0,122030.0,124050.0,126150.0,128200.0,130250.0,132350.0,134380.0,136450.0,138480.0,140550.0,142580.0,144650.0,146730.0,148750.0,150800.0,151850.0,152920.0,154050.0,154150.0,154270.0,154350.0,154400.0,154400.0,154450.0,154550.0,154600.0,154650.0,154650.0,154750.0,155150.0,156660.0,156660.0,154500.0,154500.0,154500.0,154500.0,154500.0,154500.0,155850.0,155850.0,155850.0,155850.0,155850.0,155850.0,155850.0,155850.0,]"
Lithuania,LTU,Agricultural land (sq. km),AG.LND.AGRI.K2,"[,,,,,,,,,,,,,,,,,,,,,,,,,,,,,,,,33890.0,33330.0,31260.0,34100.0,34110.0,34170.0,34250.0,34960.0,34180.0,28960.0,28850.0,25410.0,26043.0,28370.0,27907.0,26959.0,26721.0,26890.0,27723.0,28059.0,]"
Luxembourg,LUX,Agricultural land (sq. km),AG.LND.AGRI.K2,"[,,,,,,,,,,,,,,,,,,,,,,,,,,,,,,,,,,,,,,,,1280.0,1280.0,1280.0,1280.0,1280.0,1290.0,1290.0,1310.0,1310.0,1307.0,1310.4,1310.0,]"
Macedonia,MKD,Agricultural land (sq. km),AG.LND.AGRI.K2,"[,,,,,,,,,,,,,,,,,,,,,,,,,,,,,,,,13070.0,12970.0,12960.0,12870.0,12900.0,12830.0,12910.0,12820.0,12350.0,12420.0,13340.0,13010.0,12620.0,12280.0,12240.0,10760.0,10630.0,10130.0,11190.0,11180.0,]"
Madagascar,MDG,Agricultural land (sq. km),AG.LND.AGRI.K2,"[,351450.0,351700.0,351950.0,352200.0,352450.0,352700.0,352950.0,353200.0,353500.0,353700.0,353900.0,354200.0,354400.0,354750.0,357590.0,357640.0,359290.0,360000.0,360200.0,360400.0,360750.0,361000.0,361350.0,361600.0,361950.0,362200.0,362400.0,362700.0,362950.0,363250.0,363500.0,363700.0,364900.0,364800.0,364800.0,365960.0,374900.0,384900.0,395000.0,405000.0,408430.0,408430.0,408430.0,408430.0,408930.0,408930.0,408930.0,410950.0,413950.0,413950.0,413950.0,]"
Malawi,MWI,Agricultural land (sq. km),AG.LND.AGRI.K2,"[,32000.0,33000.0,33500.0,34000.0,36030.0,36530.0,36050.0,37070.0,37570.0,37070.0,38570.0,39070.0,39570.0,39600.0,39100.0,39120.0,39150.0,39680.0,39700.0,38300.0,39300.0,40300.0,39400.0,39900.0,40050.0,41050.0,41100.0,41150.0,41650.0,42180.0,43200.0,42700.0,42700.0,40700.0,42800.0,43800.0,44300.0,45800.0,46750.0,47200.0,48200.0,48200.0,49700.0,49700.0,51700.0,52750.0,49750.0,53750.0,54800.0,55800.0,55800.0,]"
Malaysia,MYS,Agricultural land (sq. km),AG.LND.AGRI.K2,"[,42000.0,42530.0,43050.0,43570.0,44090.0,44610.0,45130.0,45650.0,46170.0,46690.0,47210.0,47730.0,48250.0,48770.0,49270.0,49810.0,50130.0,50150.0,50220.0,50590.0,51210.0,53080.0,55350.0,57350.0,59630.0,61850.0,63920.0,67220.0,69740.0,72240.0,74750.0,76750.0,78850.0,78850.0,78850.0,78890.0,78900.0,78900.0,78900.0,78900.0,78700.0,78700.0,78700.0,78700.0,78700.0,78700.0,78700.0,78700.0,78700.0,78700.0,78700.0,]"
Mali,MLI,Agricultural land (sq. km),AG.LND.AGRI.K2,"[,316980.0,317030.0,317080.0,317130.0,317180.0,317220.0,317280.0,317280.0,317280.0,317780.0,317780.0,317780.0,317780.0,318280.0,318780.0,320770.0,320750.0,320750.0,320800.0,320800.0,320830.0,320830.0,320830.0,320830.0,321030.0,321060.0,321060.0,321230.0,321230.0,321230.0,321330.0,322330.0,331300.0,352400.0,354190.0,366500.0,376500.0,376500.0,376500.0,386740.0,393390.0,396290.0,406710.0,397410.0,403420.0,404160.0,405670.0,405210.0,410210.0,410210.0,416210.0,]"
Malta,MLT,Agricultural land (sq. km),AG.LND.AGRI.K2,"[,180.0,170.0,160.0,150.0,140.0,140.0,140.0,140.0,140.0,140.0,140.0,140.0,140.0,140.0,130.0,130.0,140.0,140.0,140.0,130.0,130.0,130.0,130.0,130.0,130.0,130.0,130.0,130.0,130.0,130.0,130.0,130.0,130.0,130.0,110.0,110.0,100.0,90.0,90.0,90.0,100.0,100.0,104.0,100.0,93.0,92.0,93.0,93.0,93.0,103.0,103.0,]"
Mauritania,MRT,Agricultural land (sq. km),AG.LND.AGRI.K2,"[,395220.0,395220.0,395230.0,395230.0,395230.0,395230.0,395230.0,395230.0,395330.0,395330.0,394930.0,394930.0,394800.0,394500.0,394460.0,394490.0,394500.0,394460.0,394490.0,394640.0,394840.0,395040.0,395240.0,395350.0,395550.0,395750.0,395950.0,396150.0,396350.0,396560.0,396660.0,396780.0,396900.0,397300.0,397600.0,397500.0,397500.0,397500.0,397500.0,397500.0,397120.0,396620.0,396620.0,396610.0,396610.0,396610.0,396610.0,396610.0,396510.0,397110.0,397110.0,]"
Mexico,MEX,Agricultural land (sq. km),AG.LND.AGRI.K2,"[,982440.0,981790.0,981090.0,980490.0,979790.0,979140.0,978390.0,977690.0,977090.0,976370.0,977790.0,979190.0,980790.0,981990.0,983390.0,985290.0,986990.0,988390.0,989690.0,991990.0,992490.0,993870.0,994370.0,994370.0,1002000.0,1010000.0,1017000.0,1024000.0,1031000.0,1038000.0,1045000.0,1052000.0,1059000.0,1066000.0,1072000.0,1072000.0,1072000.0,1068000.0,1063000.0,1058000.0,1054000.0,1049000.0,1045000.0,1041000.0,1035000.0,1025000.0,1023810.0,1029020.0,1028330.0,1029820.0,1031660.0,]"
Moldova,MDA,Agricultural land (sq. km),AG.LND.AGRI.K2,"[,,,,,,,,,,,,,,,,,,,,,,,,,,,,,,,,25600.0,25570.0,25570.0,25560.0,25560.0,25560.0,25560.0,25570.0,25440.0,25390.0,25340.0,25280.0,25220.0,24990.0,24830.0,24850.0,24810.0,24720.0,24650.0,24590.0,]"
Mongolia,MNG,Agricultural land (sq. km),AG.LND.AGRI.K2,"[,1406830.0,1406830.0,1406830.0,1406810.0,1406830.0,1406830.0,1406830.0,1406830.0,1406520.0,1406840.0,1406830.0,1406830.0,1406830.0,1406830.0,1406830.0,1255520.0,1259750.0,1259170.0,1247130.0,1245870.0,1245190.0,1245250.0,1249760.0,1246070.0,1245870.0,1245310.0,1248890.0,1252340.0,1255320.0,1256560.0,1261300.0,1235900.0,1191240.0,1184690.0,1184690.0,1184690.0,1288910.0,1291320.0,1302820.0,1304700.0,1297040.0,1296950.0,1137960.0,1136818.0,1134494.0,1142480.0,1142080.0,1141440.0,1136760.0,1135880.0,1135070.0,]"
Montenegro,MNE,Agricultural land (sq. km),AG.LND.AGRI.K2,"[,,,,,,,,,,,,,,,,,,,,,,,,,,,,,,,,,,,,,,,,,,,,,,5150.0,5140.0,5130.0,5140.0,5120.0,5120.0,]"
Morocco,MAR,Agricultural land (sq. km),AG.LND.AGRI.K2,"[,233700.0,235800.0,238500.0,241100.0,244200.0,247380.0,249380.0,252380.0,254290.0,257050.0,268120.0,261700.0,264250.0,266300.0,269170.0,271500.0,275000.0,279180.0,280040.0,289300.0,290900.0,291770.0,292730.0,293840.0,293980.0,294970.0,296660.0,297440.0,300640.0,303430.0,303550.0,306160.0,307110.0,309640.0,307490.0,309660.0,308950.0,309760.0,306930.0,306520.0,303700.0,302830.0,308760.0,300410.0,299890.0,299460.0,299600.0,299810.0,300026.0,299883.0,301038.0,]"
Mozambique,MOZ,Agricultural land (sq. km),AG.LND.AGRI.K2,"[,466490.0,466600.0,466700.0,466780.0,466880.0,466940.0,467200.0,468200.0,469240.0,470090.0,470090.0,470280.0,470800.0,470800.0,471000.0,471000.0,471000.0,471000.0,471000.0,471000.0,471500.0,472300.0,472300.0,473300.0,473800.0,474300.0,475300.0,475800.0,476300.0,476800.0,477300.0,477500.0,477500.0,478000.0,478800.0,479850.0,481350.0,482350.0,481900.0,481500.0,482500.0,487000.0,487500.0,488500.0,487500.0,490500.0,490500.0,490000.0,494000.0,494000.0,494000.0,]"
Myanmar,MMR,Agricultural land (sq. km),AG.LND.AGRI.K2,"[,104300.0,104700.0,105070.0,106200.0,105830.0,107400.0,107670.0,107680.0,107670.0,108010.0,108050.0,108050.0,103220.0,103330.0,103470.0,103620.0,103560.0,103670.0,103770.0,103850.0,104210.0,104410.0,104380.0,104220.0,104290.0,104350.0,104220.0,103730.0,103950.0,104280.0,104160.0,103980.0,104460.0,104210.0,104500.0,105040.0,105190.0,105130.0,106090.0,108120.0,109390.0,109250.0,109820.0,110820.0,112630.0,115970.0,119840.0,122772.0,124410.0,125260.0,125580.0,]"
Namibia,NAM,Agricultural land (sq. km),AG.LND.AGRI.K2,"[,386420.0,386420.0,386420.0,386460.0,386460.0,386460.0,386490.0,386490.0,386490.0,386510.0,386530.0,386530.0,386530.0,386530.0,386530.0,386550.0,386550.0,386560.0,386560.0,386570.0,386570.0,386570.0,386620.0,386620.0,386620.0,386620.0,386620.0,386620.0,386620.0,386620.0,386620.0,386620.0,387000.0,387500.0,388200.0,388200.0,388200.0,388200.0,388200.0,388200.0,388200.0,388200.0,388200.0,388200.0,388200.0,388200.0,388080.0,388080.0,388080.0,388090.0,388090.0,]"
Nepal,NPL,Agricultural land (sq. km),AG.LND.AGRI.K2,"[,35310.0,35310.0,35410.0,35310.0,35310.0,35310.0,35450.0,35450.0,35450.0,36800.0,36800.0,37820.0,38930.0,39940.0,40230.0,40590.0,40940.0,41190.0,41540.0,41890.0,42160.0,42420.0,42670.0,42970.0,43200.0,42440.0,41960.0,41480.0,41500.0,41530.0,41500.0,41560.0,41560.0,41560.0,41560.0,41560.0,41610.0,41660.0,41730.0,42250.0,42610.0,42590.0,42590.0,42590.0,42590.0,42590.0,42590.0,42590.0,42590.0,42590.0,42590.0,]"
Netherlands,NLD,Agricultural land (sq. km),AG.LND.AGRI.K2,"[,23140.0,23030.0,22890.0,22680.0,22550.0,22450.0,22390.0,22270.0,22100.0,21930.0,21280.0,21140.0,21010.0,20940.0,20820.0,20730.0,20600.0,20460.0,20340.0,20200.0,20110.0,20050.0,20090.0,20160.0,20190.0,20150.0,20140.0,20120.0,20040.0,20060.0,19910.0,19860.0,19880.0,19710.0,19640.0,19810.0,19660.0,19730.0,19670.0,19560.0,19310.0,19490.0,19230.0,19494.0,19377.0,19196.0,19144.0,19293.0,19174.0,19087.0,18948.0,]"
New Caledonia,NCL,Agricultural land (sq. km),AG.LND.AGRI.K2,"[,2610.0,2610.0,2610.0,2620.0,2620.0,2620.0,2620.0,2630.0,2630.0,2630.0,2630.0,2640.0,2640.0,2640.0,2640.0,2650.0,2650.0,2650.0,2650.0,2650.0,2650.0,2720.0,2800.0,2900.0,2780.0,2670.0,2560.0,2460.0,2360.0,2320.0,2290.0,2300.0,2300.0,2310.0,2330.0,2350.0,2380.0,2400.0,2420.0,2440.0,2460.0,2480.0,2490.0,2490.0,2500.0,2500.0,2520.0,2520.0,2510.0,2510.0,2510.0,]"
New Zealand,NZL,Agricultural land (sq. km),AG.LND.AGRI.K2,"[,157770.0,158570.0,158930.0,159160.0,158520.0,158280.0,158440.0,158400.0,156830.0,156770.0,156700.0,160610.0,160220.0,159990.0,163790.0,167150.0,166110.0,167970.0,166840.0,168070.0,173320.0,167290.0,167300.0,165790.0,164460.0,165090.0,164700.0,163350.0,162560.0,161820.0,161190.0,159600.0,159190.0,151160.0,149750.0,149040.0,149030.0,149030.0,149030.0,154130.0,154180.0,120990.0,118580.0,118900.0,117120.0,113750.0,114870.0,113740.0,114900.0,114080.0,113710.0,]"
Nicaragua,NIC,Agricultural land (sq. km),AG.LND.AGRI.K2,"[,34300.0,34300.0,34680.0,34880.0,35180.0,35800.0,35800.0,35800.0,35850.0,35850.0,36050.0,36100.0,36200.0,36300.0,36300.0,36300.0,37300.0,37350.0,37400.0,37450.0,38270.0,38290.0,38300.0,38830.0,38550.0,38570.0,38890.0,39400.0,39930.0,40250.0,40600.0,41200.0,41900.0,42200.0,45530.0,46540.0,47970.0,48900.0,49830.0,50940.0,51440.0,52340.0,53000.0,52050.0,53000.0,52200.0,52000.0,51460.0,51460.0,51460.0,51460.0,]"
Niger,NER,Agricultural land (sq. km),AG.LND.AGRI.K2,"[,315000.0,315000.0,315000.0,315000.0,315000.0,315000.0,315000.0,321770.0,321760.0,312000.0,312300.0,311770.0,308140.0,297800.0,297800.0,297800.0,297800.0,297800.0,299580.0,307200.0,302800.0,303600.0,310100.0,307800.0,307800.0,312800.0,310120.0,313000.0,314050.0,330470.0,341050.0,350000.0,350000.0,350000.0,360000.0,360000.0,360000.0,360000.0,370000.0,370000.0,380000.0,380000.0,384120.0,384720.0,429650.0,429890.0,437820.0,437820.0,437820.0,437820.0,437820.0,]"
Nigeria,NGA,Agricultural land (sq. km),AG.LND.AGRI.K2,"[,688000.0,689000.0,690000.0,691100.0,692100.0,692700.0,693500.0,693500.0,697500.0,699000.0,699000.0,699000.0,699000.0,699000.0,700000.0,701000.0,702500.0,702500.0,703100.0,703850.0,703850.0,705480.0,707100.0,708730.0,710350.0,713600.0,714820.0,717120.0,718880.0,720740.0,723350.0,724570.0,725790.0,727000.0,728300.0,711590.0,699380.0,717380.0,718000.0,718500.0,719000.0,738000.0,739000.0,745000.0,765000.0,780000.0,780000.0,770000.0,742000.0,762000.0,762000.0,]"
Norway,NOR,Agricultural land (sq. km),AG.LND.AGRI.K2,"[,10340.0,10310.0,10280.0,10190.0,10110.0,10050.0,10000.0,9940.0,9860.0,9540.0,9310.0,9100.0,9040.0,9010.0,8980.0,8960.0,8990.0,9000.0,9540.0,9360.0,9360.0,9420.0,9450.0,9540.0,9570.0,9690.0,9700.0,9760.0,9910.0,9760.0,10100.0,10030.0,10130.0,10300.0,11270.0,11320.0,10380.0,10470.0,10380.0,10420.0,10470.0,10460.0,10400.0,10400.0,10360.0,10350.0,10320.0,10243.0,10143.8,10060.0,9980.0,]"
Oman,OMN,Agricultural land (sq. km),AG.LND.AGRI.K2,"[,10350.0,10350.0,10350.0,10360.0,10360.0,10360.0,10380.0,10400.0,10400.0,10420.0,10420.0,10440.0,10450.0,10460.0,10470.0,10480.0,10490.0,10510.0,10510.0,10510.0,10510.0,10510.0,10550.0,10590.0,10610.0,10670.0,10700.0,10730.0,10770.0,10800.0,10800.0,10830.0,10720.0,10720.0,10710.0,10710.0,10700.0,10710.0,10710.0,10730.0,10736.0,10734.0,10730.0,17720.0,17650.0,17630.0,17650.0,17670.0,17740.0,17704.0,17705.0,]"
Pakistan,PAK,Agricultural land (sq. km),AG.LND.AGRI.K2,"[,218810.0,221780.0,223000.0,237460.0,242630.0,246920.0,242610.0,242350.0,242350.0,243320.0,242790.0,241090.0,243810.0,245550.0,248300.0,247600.0,251100.0,249800.0,252300.0,253000.0,253400.0,254300.0,253400.0,253300.0,256100.0,256800.0,259200.0,268200.0,260200.0,259400.0,259600.0,260600.0,264000.0,265100.0,265500.0,266800.0,269800.0,269700.0,268800.0,269500.0,271600.0,272700.0,272300.0,270300.0,270600.0,272900.0,268800.0,262700.0,263800.0,264000.0,265500.0,]"
Panama,PAN,Agricultural land (sq. km),AG.LND.AGRI.K2,"[,16240.0,16340.0,16440.0,16480.0,16580.0,16680.0,16690.0,16790.0,16870.0,16840.0,17130.0,17430.0,17630.0,17850.0,18060.0,18270.0,18490.0,18500.0,18520.0,18550.0,18820.0,19140.0,19410.0,19660.0,19950.0,20200.0,20450.0,20700.0,21000.0,21240.0,21340.0,21500.0,21500.0,21350.0,21320.0,21320.0,21400.0,21490.0,21570.0,22300.0,22430.0,22430.0,22430.0,22430.0,22430.0,22400.0,22500.0,22500.0,22550.0,22600.0,22670.0,]"
Papua New Guinea,PNG,Agricultural land (sq. km),AG.LND.AGRI.K2,"[,4950.0,4950.0,4950.0,5050.0,5050.0,5110.0,5560.0,5850.0,6160.0,6410.0,6690.0,6790.0,6890.0,6980.0,7140.0,7240.0,7350.0,7560.0,7680.0,7720.0,7780.0,7700.0,7670.0,7750.0,8080.0,8300.0,8460.0,8630.0,8700.0,8770.0,8820.0,8870.0,8930.0,8980.0,9340.0,9550.0,9620.0,9740.0,9930.0,10050.0,10100.0,10000.0,10050.0,10200.0,10300.0,10400.0,10400.0,11900.0,11900.0,11900.0,11900.0,]"
Paraguay,PRY,Agricultural land (sq. km),AG.LND.AGRI.K2,"[,104110.0,105220.0,106400.0,107720.0,108950.0,110200.0,111210.0,112170.0,113170.0,114170.0,115180.0,116180.0,117660.0,120330.0,122540.0,124740.0,126840.0,124050.0,126150.0,130350.0,134570.0,138930.0,144300.0,149670.0,154990.0,165510.0,170480.0,170850.0,171220.0,171590.0,171950.0,173450.0,173450.0,160320.0,164580.0,190210.0,191710.0,196020.0,200830.0,203250.0,202000.0,195810.0,193460.0,196400.0,199400.0,202350.0,205300.0,208370.0,209000.0,209900.0,209900.0,]"
Peru,PER,Agricultural land (sq. km),AG.LND.AGRI.K2,"[,169560.0,170990.0,174300.0,176680.0,177500.0,176750.0,176840.0,177800.0,178190.0,179130.0,179220.0,182720.0,183190.0,183190.0,183290.0,184190.0,185420.0,185940.0,186300.0,186790.0,187040.0,187540.0,188020.0,188530.0,188650.0,188940.0,189190.0,189290.0,189390.0,218360.0,218960.0,219560.0,219660.0,213680.0,212350.0,211390.0,210160.0,210410.0,211100.0,211850.0,211500.0,211600.0,212200.0,212800.0,213500.0,214000.0,214200.0,214300.0,214400.0,214700.0,215000.0,]"
Philippines,PHL,Agricultural land (sq. km),AG.LND.AGRI.K2,"[,77130.0,77920.0,78720.0,81520.0,81320.0,81300.0,83050.0,82810.0,82530.0,83100.0,82790.0,84300.0,85960.0,88620.0,91920.0,96740.0,100900.0,101400.0,103940.0,106250.0,106700.0,107400.0,107800.0,108200.0,109100.0,109800.0,110200.0,110600.0,111000.0,111400.0,111570.0,111150.0,110650.0,110150.0,110150.0,111050.0,113350.0,115850.0,115350.0,111840.0,111340.0,111350.0,111700.0,113500.0,113500.0,115000.0,116500.0,118000.0,119500.0,120000.0,121000.0,]"
Poland,POL,Agricultural land (sq. km),AG.LND.AGRI.K2,"[,203220.0,202620.0,201840.0,201300.0,199460.0,199470.0,198190.0,197770.0,195570.0,195430.0,195080.0,193710.0,193260.0,192570.0,192240.0,191990.0,191590.0,191110.0,190480.0,190070.0,189100.0,188910.0,188790.0,189390.0,189140.0,188790.0,188690.0,188200.0,188070.0,187930.0,187530.0,187430.0,187150.0,187070.0,186220.0,184740.0,184570.0,184430.0,184350.0,184130.0,177880.0,168990.0,161690.0,163270.0,159060.0,159570.0,161770.0,161540.0,161190.0,146040.0,147790.0,]"
Portugal,PRT,Agricultural land (sq. km),AG.LND.AGRI.K2,"[,38750.0,38810.0,38870.0,38930.0,38990.0,39050.0,39110.0,39130.0,39230.0,39290.0,39350.0,39410.0,39460.0,39510.0,39560.0,39610.0,39660.0,39710.0,39760.0,39790.0,39820.0,39850.0,39880.0,39910.0,39940.0,39970.0,40010.0,40050.0,40050.0,39630.0,39200.0,38780.0,39590.0,39520.0,39240.0,37300.0,35820.0,37700.0,38630.0,38300.0,37950.0,38470.0,38110.0,38170.0,38210.0,37640.0,36510.0,37545.0,37298.0,36770.0,36360.0,]"
Puerto Rico,PRI,Agricultural land (sq. km),AG.LND.AGRI.K2,"[,6160.0,6010.0,6050.0,5850.0,6090.0,5810.0,5680.0,5660.0,5620.0,5520.0,5300.0,5150.0,4920.0,4940.0,4930.0,4930.0,4910.0,4950.0,4860.0,4750.0,4670.0,4670.0,4660.0,4640.0,4610.0,4630.0,4620.0,4620.0,4500.0,4350.0,4200.0,4100.0,3110.0,3090.0,3090.0,3090.0,2910.0,2725.0,2599.0,2472.0,2347.0,2220.0,2150.0,2150.0,2020.0,2010.0,1890.0,1870.0,1900.0,1900.0,1900.0,]"
Qatar,QAT,Agricultural land (sq. km),AG.LND.AGRI.K2,"[,510.0,510.0,510.0,510.0,510.0,510.0,510.0,510.0,510.0,510.0,510.0,510.0,510.0,520.0,520.0,520.0,520.0,520.0,530.0,550.0,560.0,570.0,580.0,590.0,590.0,600.0,610.0,610.0,600.0,610.0,610.0,640.0,650.0,650.0,650.0,660.0,660.0,660.0,660.0,660.0,663.0,645.0,646.0,646.0,636.0,650.0,660.0,660.0,660.0,660.0,660.0,]"
Romania,ROM,Agricultural land (sq. km),AG.LND.AGRI.K2,"[,146010.0,146880.0,147240.0,147420.0,147910.0,148350.0,148380.0,149720.0,149680.0,149300.0,149350.0,149430.0,149040.0,149290.0,149460.0,149550.0,149600.0,149650.0,149670.0,149640.0,149480.0,149630.0,149810.0,149920.0,150200.0,150380.0,150930.0,151090.0,147580.0,147690.0,147980.0,147900.0,147930.0,147980.0,147970.0,147820.0,147980.0,147470.0,147810.0,148570.0,147980.0,148180.0,148000.0,141300.0,141800.0,140390.0,136300.0,136340.0,136210.0,141560.0,139820.0,]"
Russia,RUS,Agricultural land (sq. km),AG.LND.AGRI.K2,"[,,,,,,,,,,,,,,,,,,,,,,,,,,,,,,,,2216310.0,2187950.0,2177110.0,2164000.0,2161110.0,2179890.0,2172870.0,2167900.0,2171620.0,2168610.0,2166510.0,2162770.0,2159800.0,2156800.0,2154880.0,2154630.0,2154940.0,2155600.0,2137800.0,2152500.0,]"
Rwanda,RWA,Agricultural land (sq. km),AG.LND.AGRI.K2,"[,13150.0,13250.0,13350.0,13450.0,13550.0,13650.0,13750.0,13830.0,13970.0,14040.0,14480.0,15080.0,15050.0,15840.0,16120.0,16390.0,16650.0,16800.0,16970.0,17150.0,17600.0,17750.0,17900.0,18080.0,18190.0,18300.0,18420.0,18530.0,18550.0,18790.0,18770.0,18370.0,17300.0,14850.0,14850.0,15450.0,15950.0,16150.0,16610.0,16700.0,17490.0,18310.0,18040.0,18240.0,18210.0,18280.0,18000.0,19010.0,19100.0,19200.0,19200.0,]"
Saudi Arabia,SAU,Agricultural land (sq. km),AG.LND.AGRI.K2,"[,861700.0,861900.0,862120.0,862410.0,862620.0,862840.0,863040.0,863400.0,863750.0,864200.0,864670.0,865170.0,865700.0,866400.0,866840.0,867500.0,868040.0,868560.0,869090.0,869620.0,870130.0,870680.0,872700.0,924230.0,976250.0,1027800.0,1079800.0,1131300.0,1182900.0,1234810.0,1236720.0,1237460.0,1737850.0,1737850.0,1737850.0,1735000.0,1737850.0,1737850.0,1737850.0,1737850.0,1737910.0,1737930.0,1737980.0,1737090.0,1737170.0,1736740.0,1736750.0,1735720.0,1734350.0,1733550.0,1733550.0,]"
Senegal,SEN,Agricultural land (sq. km),AG.LND.AGRI.K2,"[,86470.0,86470.0,87470.0,87470.0,88470.0,88470.0,89470.0,91170.0,89030.0,88640.0,89460.0,89460.0,89960.0,90460.0,90460.0,90450.0,88440.0,88430.0,88420.0,88410.0,88400.0,88390.0,88380.0,88370.0,88360.0,88340.0,88320.0,88300.0,88270.0,88690.0,87090.0,87700.0,87680.0,87810.0,86800.0,86500.0,86540.0,86630.0,87130.0,87550.0,88100.0,88000.0,86820.0,87370.0,88260.0,86380.0,86380.0,93040.0,95050.0,95050.0,95050.0,]"
Serbia,SRB,Agricultural land (sq. km),AG.LND.AGRI.K2,"[,,,,,,,,,,,,,,,,,,,,,,,,,,,,,,,,,,,,,,,,,,,,,,50660.0,50530.0,50560.0,50550.0,50500.0,50610.0,]"
Sierra Leone,SLE,Agricultural land (sq. km),AG.LND.AGRI.K2,"[,26120.0,26170.0,26240.0,26290.0,26340.0,26390.0,26440.0,26540.0,26590.0,26640.0,26690.0,26740.0,26790.0,26840.0,26890.0,26940.0,26990.0,27090.0,27190.0,27240.0,27290.0,27440.0,27490.0,27640.0,28140.0,28190.0,28240.0,28250.0,28250.0,28250.0,28250.0,28150.0,28110.0,28100.0,28100.0,28100.0,28090.0,28090.0,28040.0,28100.0,29920.0,32060.0,32700.0,34630.8,36298.5,38221.5,33460.9,34191.4,34250.0,34350.0,34350.0,]"
Slovakia,SVK,Agricultural land (sq. km),AG.LND.AGRI.K2,"[,,,,,,,,,,,,,,,,,,,,,,,,,,,,,,,,,24460.0,24460.0,24460.0,24440.0,24450.0,24430.0,24430.0,24400.0,22550.0,22370.0,22360.0,19340.0,19410.0,19390.0,19300.0,19370.0,19300.0,19447.0,19297.0,]"
Slovenia,SVN,Agricultural land (sq. km),AG.LND.AGRI.K2,"[,,,,,,,,,,,,,,,,,,,,,,,,,,,,,,,,5640.0,5600.0,5490.0,5380.0,5250.0,4950.0,4900.0,5000.0,5180.0,5100.0,5050.0,5100.0,4920.0,5090.0,4910.0,4980.0,4920.0,4680.0,4833.0,4585.0,]"
Solomon Islands,SLB,Agricultural land (sq. km),AG.LND.AGRI.K2,"[,550.0,550.0,550.0,550.0,550.0,550.0,550.0,550.0,550.0,550.0,550.0,550.0,550.0,550.0,550.0,550.0,560.0,570.0,590.0,590.0,590.0,620.0,620.0,640.0,640.0,660.0,650.0,670.0,680.0,680.0,690.0,710.0,710.0,720.0,730.0,730.0,730.0,740.0,760.0,760.0,770.0,790.0,830.0,830.0,890.0,890.0,890.0,900.0,910.0,910.0,910.0,]"
Somalia,SOM,Agricultural land (sq. km),AG.LND.AGRI.K2,"[,439050.0,439100.0,439150.0,439200.0,439250.0,439300.0,439350.0,439400.0,439450.0,439500.0,439550.0,439600.0,439650.0,439700.0,439750.0,439800.0,439850.0,439900.0,439950.0,440000.0,440050.0,440100.0,440150.0,440200.0,440250.0,440300.0,440350.0,440390.0,440400.0,440420.0,440420.0,440430.0,440440.0,440500.0,440560.0,440610.0,440660.0,440670.0,440670.0,440670.0,440710.0,442260.0,442760.0,443770.0,443770.0,441680.0,440280.0,441280.0,441290.0,441290.0,441290.0,]"
South Africa,ZAF,Agricultural land (sq. km),AG.LND.AGRI.K2,"[,1013350.0,1001350.0,989950.0,977500.0,966100.0,964450.0,961800.0,959900.0,957900.0,955900.0,953900.0,951950.0,949900.0,948050.0,945850.0,943820.0,943200.0,942800.0,942100.0,941600.0,941000.0,940330.0,940330.0,940330.0,940330.0,944000.0,946500.0,949000.0,953000.0,956000.0,960050.0,964730.0,969360.0,972650.0,975200.0,978900.0,979450.0,979880.0,980580.0,981250.0,980130.0,980280.0,979280.0,976080.0,974830.0,968880.0,968900.0,971080.0,969880.0,968910.0,963740.0,]"
South Sudan,SSD,Agricultural land (sq. km),AG.LND.AGRI.K2,"[,,,,,,,,,,,,,,,,,,,,,,,,,,,,,,,,,,,,,,,,,,,,,,,,,,,285332.0,]"
Spain,ESP,Agricultural land (sq. km),AG.LND.AGRI.K2,"[,332300.0,332320.0,331370.0,327530.0,326940.0,321560.0,323820.0,321590.0,325270.0,321190.0,326840.0,325680.0,322800.0,320780.0,319210.0,315160.0,315900.0,314780.0,313550.0,312380.0,312060.0,311910.0,307910.0,306280.0,307120.0,306100.0,306010.0,305780.0,307010.0,304720.0,303710.0,302790.0,300330.0,301830.0,297190.0,301390.0,300590.0,299580.0,297780.0,297660.0,295200.0,294190.0,291530.0,290710.0,291640.0,286130.0,280040.0,281420.0,279700.0,275450.0,275342.5,]"
Sri Lanka,LKA,Agricultural land (sq. km),AG.LND.AGRI.K2,"[,17230.0,17070.0,20600.0,21030.0,21560.0,22050.0,22550.0,23210.0,23280.0,23330.0,23390.0,23450.0,23510.0,23570.0,23590.0,23960.0,24330.0,24690.0,23590.0,23490.0,23490.0,22960.0,23080.0,23110.0,23150.0,23260.0,23340.0,23370.0,23400.0,23390.0,23420.0,23440.0,23200.0,23230.0,23260.0,23270.0,23280.0,23290.0,23450.0,23500.0,23510.0,23560.0,23700.0,23100.0,25100.0,24400.0,23900.0,25950.0,25100.0,26200.0,26200.0,]"
Sudan,SDN,Agricultural land (sq. km),AG.LND.AGRI.K2,"[,1088400.0,1089400.0,1090400.0,1091420.0,1092420.0,1093400.0,1094500.0,1095470.0,1096470.0,1097450.0,1098430.0,1099410.0,1100480.0,1101050.0,1102050.0,1103000.0,1103980.0,1104360.0,1104350.0,1104500.0,1104800.0,1105400.0,1105900.0,1106450.0,1127000.0,1157500.0,1178050.0,1208450.0,1228600.0,1229100.0,1229650.0,1240150.0,1267330.0,1281150.0,1296440.0,1305390.0,1308320.0,1311020.0,1313520.0,1315750.0,1320930.0,1326140.0,1345300.0,1344970.0,1352200.0,1360530.0,1366150.0,1366980.0,1361770.0,1362450.0,1086788.0,]"
Suriname,SUR,Agricultural land (sq. km),AG.LND.AGRI.K2,"[,410.0,420.0,410.0,460.0,470.0,440.0,430.0,430.0,470.0,480.0,520.0,530.0,560.0,570.0,580.0,590.0,610.0,620.0,640.0,690.0,730.0,750.0,750.0,770.0,810.0,840.0,880.0,880.0,880.0,880.0,890.0,890.0,890.0,890.0,890.0,890.0,880.0,880.0,880.0,880.0,860.0,740.0,805.0,775.0,728.0,728.0,700.0,718.0,814.0,780.0,820.0,]"
Swaziland,SWZ,Agricultural land (sq. km),AG.LND.AGRI.K2,"[,14680.0,14780.0,14740.0,14770.0,14840.0,14930.0,14970.0,14980.0,14940.0,14940.0,14940.0,15130.0,15130.0,14820.0,13130.0,13710.0,13930.0,13930.0,13400.0,12910.0,12840.0,12860.0,12880.0,12690.0,12840.0,13290.0,13070.0,12850.0,12640.0,12380.0,12270.0,12230.0,12220.0,12220.0,12220.0,12220.0,12230.0,12230.0,12230.0,12230.0,12240.0,12240.0,12240.0,12240.0,12240.0,12240.0,12240.0,12240.0,12220.0,12220.0,12220.0,]"
Sweden,SWE,Agricultural land (sq. km),AG.LND.AGRI.K2,"[,42370.0,41720.0,39810.0,39430.0,38490.0,37970.0,37850.0,37210.0,37450.0,37530.0,37580.0,37340.0,37180.0,37350.0,37260.0,37350.0,37220.0,37280.0,37110.0,37040.0,36750.0,36600.0,36360.0,36110.0,34940.0,34760.0,34550.0,34370.0,34180.0,34130.0,33580.0,33440.0,33560.0,33560.0,32670.0,32970.0,32590.0,32310.0,31940.0,31530.0,31540.0,31700.0,31630.0,31840.0,32160.0,31630.0,31370.0,30930.0,30790.0,30850.0,30660.0,]"
Switzerland,CHE,Agricultural land (sq. km),AG.LND.AGRI.K2,"[,21650.0,21650.0,21650.0,21780.0,21780.0,21790.0,21790.0,21770.0,21750.0,21740.0,21740.0,20180.0,20170.0,20200.0,20200.0,20210.0,20210.0,20210.0,20210.0,20200.0,20200.0,20200.0,20210.0,20210.0,20210.0,20210.0,20210.0,20210.0,20210.0,15810.0,15830.0,15810.0,15810.0,15810.0,15810.0,15810.0,15810.0,15800.0,15800.0,15320.0,15250.0,15250.0,15250.0,15246.0,15247.0,15233.0,15230.0,15238.0,15250.0,15235.0,15229.0,]"
Syria,SYR,Agricultural land (sq. km),AG.LND.AGRI.K2,"[,149410.0,149700.0,150410.0,148540.0,142990.0,136300.0,136300.0,134210.0,134450.0,134590.0,134580.0,141610.0,144780.0,145170.0,141070.0,142130.0,140400.0,140090.0,139600.0,140620.0,141150.0,141130.0,139910.0,139730.0,139510.0,139200.0,139070.0,137330.0,134920.0,134950.0,135120.0,136130.0,136420.0,137860.0,137890.0,137900.0,138040.0,137540.0,137670.0,137110.0,137230.0,137590.0,138130.0,139050.0,138280.0,138770.0,138970.0,138980.0,139080.0,139080.0,138640.0,]"
Tajikistan,TJK,Agricultural land (sq. km),AG.LND.AGRI.K2,"[,,,,,,,,,,,,,,,,,,,,,,,,,,,,,,,,44890.0,45430.0,44700.0,45820.0,45850.0,45620.0,45470.0,45680.0,45730.0,45730.0,45710.0,45960.0,46500.0,46720.0,47350.0,47290.0,47270.0,47500.0,48440.0,48550.0,]"
Tanzania,TZA,Agricultural land (sq. km),AG.LND.AGRI.K2,"[,260000.0,260000.0,270000.0,270000.0,270000.0,290000.0,290000.0,290000.0,290000.0,300000.0,320000.0,320000.0,320000.0,320000.0,320000.0,320000.0,320000.0,330000.0,330000.0,330000.0,330000.0,330000.0,330000.0,330000.0,340000.0,340000.0,340000.0,340000.0,340000.0,340000.0,340030.0,338000.0,339000.0,339000.0,339000.0,340000.0,340030.0,340000.0,340000.0,340000.0,341000.0,342000.0,342700.0,351600.0,353600.0,353600.0,356500.0,369744.0,372000.0,373000.0,373000.0,]"
Thailand,THA,Agricultural land (sq. km),AG.LND.AGRI.K2,"[,116530.0,119800.0,124600.0,126900.0,129400.0,132100.0,134600.0,137000.0,139200.0,142480.0,143990.0,152300.0,160800.0,168830.0,172200.0,175480.0,179650.0,183760.0,187020.0,189380.0,193410.0,197790.0,198980.0,200510.0,205770.0,207750.0,212400.0,213300.0,213370.0,213830.0,215160.0,213740.0,212450.0,211200.0,212100.0,208630.0,204420.0,200520.0,200170.0,198340.0,198280.0,196890.0,195540.0,195550.0,196100.0,197000.0,198000.0,200500.0,208793.6,210600.0,210600.0,]"
East Timor,TMP,Agricultural land (sq. km),AG.LND.AGRI.K2,"[,2300.0,2300.0,2300.0,2300.0,2300.0,2300.0,2320.0,2320.0,2330.0,2430.0,2430.0,2450.0,2500.0,2500.0,2550.0,2580.0,2620.0,2710.0,2760.0,2790.0,2820.0,2840.0,2860.0,2890.0,2920.0,2950.0,2990.0,3030.0,3050.0,3180.0,3300.0,3300.0,3350.0,3400.0,3400.0,3420.0,3430.0,3410.0,3370.0,3370.0,3620.0,3620.0,3650.0,3850.0,3850.0,3850.0,3750.0,3850.0,3750.0,3650.0,3600.0,]"
Togo,TGO,Agricultural land (sq. km),AG.LND.AGRI.K2,"[,30700.0,30700.0,30700.0,30700.0,30750.0,30750.0,30750.0,30750.0,30750.0,30750.0,28800.0,28800.0,28800.0,28800.0,28800.0,28800.0,28800.0,29800.0,30300.0,30350.0,30350.0,30350.0,30350.0,30850.0,30900.0,30900.0,31100.0,31400.0,31400.0,31900.0,31950.0,31950.0,33000.0,33000.0,33000.0,34000.0,34500.0,35300.0,36300.0,36300.0,34800.0,35050.0,34800.0,34550.0,32500.0,32800.0,34950.0,35500.0,36200.0,37000.0,37200.0,]"
Trinidad and Tobago,TTO,Agricultural land (sq. km),AG.LND.AGRI.K2,"[,970.0,970.0,980.0,980.0,980.0,980.0,980.0,980.0,980.0,980.0,1010.0,1010.0,1100.0,1110.0,1060.0,1060.0,1060.0,1060.0,1060.0,1010.0,950.0,880.0,740.0,740.0,710.0,710.0,710.0,720.0,720.0,770.0,810.0,810.0,810.0,810.0,760.0,760.0,710.0,660.0,670.0,670.0,600.0,600.0,600.0,550.0,540.0,540.0,540.0,540.0,540.0,540.0,540.0,]"
Tunisia,TUN,Agricultural land (sq. km),AG.LND.AGRI.K2,"[,86480.0,86270.0,86060.0,86690.0,86480.0,86270.0,86060.0,85850.0,87160.0,88820.0,88680.0,89470.0,90160.0,90450.0,90940.0,91430.0,91690.0,90340.0,89510.0,87000.0,87500.0,88160.0,88990.0,88980.0,88220.0,87060.0,86960.0,84920.0,86700.0,86440.0,92100.0,93550.0,94220.0,92830.0,93480.0,93240.0,93470.0,94200.0,95260.0,95510.0,94990.0,97630.0,97840.0,98300.0,98240.0,98060.0,98050.0,98810.0,97890.0,100380.0,100720.0,]"
Turkey,TUR,Agricultural land (sq. km),AG.LND.AGRI.K2,"[,365170.0,366480.0,373700.0,372920.0,372960.0,374840.0,373000.0,376010.0,386430.0,381780.0,383140.0,388260.0,387870.0,383280.0,379620.0,379030.0,380290.0,380450.0,388920.0,385790.0,386130.0,371910.0,367180.0,376130.0,381300.0,384830.0,394270.0,392630.0,398970.0,396770.0,400670.0,399040.0,399130.0,401490.0,394930.0,393640.0,392420.0,399190.0,403020.0,404790.0,409680.0,411960.0,406440.0,412100.0,412230.0,404930.0,395050.0,391220.0,389110.0,390120.0,382470.0,]"
Turkmenistan,TKM,Agricultural land (sq. km),AG.LND.AGRI.K2,"[,,,,,,,,,,,,,,,,,,,,,,,,,,,,,,,,322140.0,322800.0,323590.0,323820.0,323890.0,323900.0,324100.0,323800.0,323800.0,323600.0,324100.0,324600.0,324600.0,326100.0,326600.0,326600.0,326600.0,326600.0,326600.0,326600.0,]"
Uganda,UGA,Agricultural land (sq. km),AG.LND.AGRI.K2,"[,90180.0,91140.0,92580.0,98730.0,98710.0,98850.0,98880.0,99250.0,99500.0,99800.0,100300.0,101000.0,101800.0,102640.0,104070.0,105380.0,105380.0,106100.0,106100.0,106800.0,107600.0,108400.0,113000.0,115000.0,116000.0,118170.0,118170.0,118170.0,118620.0,119620.0,120320.0,120520.0,120820.0,121020.0,121220.0,121720.0,121720.0,122420.0,122620.0,125120.0,126120.0,128120.0,131120.0,132620.0,132620.0,134120.0,135620.0,137620.0,139120.0,140620.0,140620.0,]"
Ukraine,UKR,Agricultural land (sq. km),AG.LND.AGRI.K2,"[,,,,,,,,,,,,,,,,,,,,,,,,,,,,,,,,419290.0,418900.0,418610.0,418530.0,418400.0,418540.0,416110.0,414530.0,414060.0,413850.0,413960.0,413550.0,413540.0,413040.0,412840.0,412660.0,412920.0,412760.0,412670.0,412810.0,]"
United Arab Emirates,ARE,Agricultural land (sq. km),AG.LND.AGRI.K2,"[,2080.0,2080.0,2080.0,2080.0,2090.0,2100.0,2100.0,2100.0,2100.0,2120.0,2120.0,2120.0,2130.0,2140.0,2150.0,2160.0,2170.0,2180.0,2190.0,2230.0,2270.0,2270.0,2320.0,2320.0,2350.0,2380.0,2380.0,2390.0,2390.0,2850.0,3100.0,3390.0,3550.0,3720.0,3830.0,3920.0,4000.0,4030.0,5210.0,5520.0,5670.0,5710.0,5590.0,5590.0,5620.0,5436.0,5376.0,5446.0,3929.0,3973.0,3973.0,]"
United Kingdom,GBR,Agricultural land (sq. km),AG.LND.AGRI.K2,"[,198000.0,197790.0,197470.0,197030.0,195850.0,195500.0,195540.0,194260.0,193800.0,188490.0,188430.0,187560.0,186960.0,186380.0,185830.0,185680.0,184900.0,184780.0,184520.0,184690.0,183200.0,182810.0,182160.0,182020.0,181680.0,181300.0,181160.0,184230.0,183060.0,182030.0,181430.0,180700.0,175340.0,174090.0,173790.0,174940.0,175850.0,175180.0,172190.0,169640.0,169530.0,169760.0,169560.0,170510.0,169560.0,178380.0,176470.0,176840.0,173250.0,172240.0,171640.0,]"
United States of America,USA,Agricultural land (sq. km),AG.LND.AGRI.K2,"[,4475090.0,4439910.0,4414430.0,4390120.0,4358730.0,4355500.0,4353070.0,4357950.0,4354470.0,4344000.0,4333000.0,4323000.0,4312000.0,4301580.0,4301580.0,4301580.0,4303310.0,4281630.0,4281630.0,4281630.0,4281630.0,4313990.0,4313990.0,4313990.0,4313990.0,4313990.0,4269480.0,4269480.0,4269480.0,4269480.0,4269480.0,4254290.0,4229480.0,4211390.0,4201390.0,4163060.0,4148850.0,4145880.0,4138870.0,4143990.0,4149440.0,4130640.0,4139250.0,4115210.0,4117840.0,4092148.0,4128576.0,4141635.0,4116396.0,4109330.0,4112625.0,]"
Uruguay,URY,Agricultural land (sq. km),AG.LND.AGRI.K2,"[,152300.0,151930.0,151430.0,151530.0,151000.0,151090.0,151090.0,150720.0,150720.0,150570.0,150570.0,150570.0,150560.0,150620.0,150670.0,150790.0,150800.0,150800.0,150810.0,150810.0,150460.0,150010.0,149680.0,149240.0,148910.0,148470.0,148270.0,148240.0,148250.0,148250.0,148250.0,148450.0,148450.0,148450.0,148550.0,148840.0,148830.0,149120.0,149110.0,149580.0,149550.0,148420.0,148420.0,147400.0,147400.0,145910.0,145530.0,147800.0,146170.0,143620.0,143780.0,]"
Uzbekistan,UZB,Agricultural land (sq. km),AG.LND.AGRI.K2,"[,,,,,,,,,,,,,,,,,,,,,,,,,,,,,,,,277240.0,276480.0,276430.0,276450.0,276430.0,276400.0,273370.0,273330.0,273250.0,273300.0,270460.0,268400.0,268400.0,267400.0,267400.0,266900.0,266400.0,266500.0,266550.0,266600.0,]"
Vanuatu,VUT,Agricultural land (sq. km),AG.LND.AGRI.K2,"[,1050.0,1050.0,1050.0,1050.0,1130.0,1130.0,1130.0,1130.0,1130.0,1200.0,1200.0,1200.0,1200.0,1200.0,1260.0,1260.0,1270.0,1270.0,1280.0,1280.0,1310.0,1320.0,1350.0,1350.0,1370.0,1410.0,1430.0,1470.0,1490.0,1520.0,1540.0,1570.0,1590.0,1600.0,1650.0,1670.0,1680.0,1720.0,1730.0,1750.0,1770.0,1780.0,1800.0,1810.0,1830.0,1850.0,1870.0,1870.0,1870.0,1870.0,1870.0,]"
Venezuela,VEN,Agricultural land (sq. km),AG.LND.AGRI.K2,"[,192320.0,193020.0,193720.0,194440.0,195140.0,195840.0,196660.0,197580.0,198400.0,199330.0,200260.0,200650.0,201790.0,202440.0,202980.0,204700.0,206840.0,207400.0,209000.0,210200.0,210400.0,211600.0,212800.0,213900.0,216400.0,218500.0,219600.0,220100.0,218100.0,218600.0,218570.0,216070.0,216030.0,216100.0,216200.0,216320.0,216360.0,216420.0,216330.0,213950.0,213980.0,213000.0,213000.0,213500.0,213500.0,213500.0,213500.0,213500.0,212500.0,212500.0,212500.0,]"
Vietnam,VNM,Agricultural land (sq. km),AG.LND.AGRI.K2,"[,62920.0,62970.0,63020.0,63070.0,63120.0,63170.0,63420.0,63670.0,63820.0,64170.0,64220.0,64470.0,64820.0,65070.0,65120.0,67220.0,68120.0,68360.0,68500.0,68580.0,68760.0,68840.0,69020.0,69100.0,67500.0,67250.0,67100.0,67100.0,67150.0,67260.0,67510.0,70250.0,70870.0,71400.0,70790.0,76820.0,78440.0,80550.0,84130.0,87800.0,94830.0,94550.0,95370.0,97956.0,100541.0,100780.0,100626.0,102408.0,102920.0,107680.0,108420.0,]"
West Bank,WBG,Agricultural land (sq. km),AG.LND.AGRI.K2,"[,3660.0,3660.0,3660.0,3650.0,3650.0,3660.0,3670.0,3670.0,3670.0,3680.0,3680.0,3680.0,3680.0,3690.0,3690.0,3710.0,3730.0,3750.0,3740.0,3750.0,3790.0,3800.0,3820.0,3830.0,3800.0,3800.0,3780.0,3780.0,3770.0,3750.0,3720.0,3700.0,3700.0,3700.0,3760.0,3720.0,3700.0,3490.0,3640.0,3720.0,3690.0,3700.0,3670.0,3670.0,3638.0,3577.0,3535.0,3502.0,2993.0,2484.0,2605.0,]"
Yemen,YEM,Agricultural land (sq. km),AG.LND.AGRI.K2,"[,233370.0,233480.0,233600.0,233700.0,233800.0,233910.0,233980.0,234030.0,234130.0,234180.0,234260.0,234370.0,234420.0,234470.0,234600.0,234600.0,234600.0,234620.0,234630.0,234630.0,234650.0,234650.0,234650.0,234650.0,234700.0,234700.0,234790.0,234790.0,234810.0,236260.0,236310.0,234810.0,237250.0,237300.0,237360.0,237550.0,237200.0,236800.0,236680.0,236690.0,235950.0,236560.0,234950.0,235570.0,235230.0,236270.0,236270.0,235170.0,234520.0,235790.0,234520.0,]"
Zambia,ZMB,Agricultural land (sq. km),AG.LND.AGRI.K2,"[,193070.0,193600.0,194040.0,194590.0,195130.0,196070.0,196610.0,197350.0,198040.0,198740.0,200530.0,202510.0,201440.0,202020.0,202370.0,204100.0,202740.0,201550.0,197800.0,198460.0,198360.0,198080.0,199610.0,199820.0,201250.0,202250.0,203660.0,205290.0,208970.0,208110.0,208260.0,210650.0,212020.0,214730.0,214580.0,218650.0,219710.0,220250.0,224050.0,224980.0,225550.0,226160.0,229090.0,228970.0,227620.0,230480.0,229840.0,230870.0,233850.0,237350.0,234350.0,]"
Zimbabwe,ZWE,Agricultural land (sq. km),AG.LND.AGRI.K2,"[,109850.0,110700.0,111550.0,112400.0,113050.0,114100.0,114950.0,115800.0,116650.0,117500.0,118350.0,119000.0,119350.0,120200.0,120550.0,120900.0,121150.0,121650.0,122150.0,122750.0,123500.0,124350.0,125100.0,125650.0,126400.0,127150.0,127900.0,128800.0,129550.0,130100.0,131800.0,133500.0,135200.0,136900.0,138600.0,140300.0,143190.0,145200.0,148400.0,150600.0,152400.0,154700.0,156500.0,160000.0,161000.0,162500.0,162500.0,164500.0,163200.0,163200.0,163200.0,]"
